CDTA2020,annee_fin_observation,# of Dwelling Units,Infested Dwelling Unit Count,Eradicated Unit Count,Re-infested  Dwelling Unit Count,taux_infestation,taux_eradication,taux_reinfestation,Borough,pop_num,population_density,pop_pov_pct,pop_pov_u18_pct,pop_65p_pct,unit_num,unit_occ_own_pct,rent_burden_med,med_r_1f,med_r_4f,med_r_cn,med_r_ot,rent_gross_med_adj
BK01,2018,26813.0,154.0,141.0,28.0,0.007827759407867143,0.006880080567325032,0.0013207955085623732,BROOKLYN,162381.0,394.0,0.237,0.409,0.094,71130.0,0.158,28.2,2212230.0,878850.0,1132000.0,411240.0,2180.0
BK01,2019,21740.0,86.0,63.0,4.0,0.0036513625678449902,0.002054500187755927,0.0003086026077097506,BROOKLYN,151308.0,367.0,0.201,0.452,0.10300000000000001,69661.0,0.177,25.1,1823190.0,905520.0,1232830.0,463820.0,2340.0
BK01,2020,59308.0,132.0,120.0,54.0,0.0036543820877622795,0.003236147039665249,0.0021287797075289646,BROOKLYN,159580.0,387.0,0.188,0.33299999999999996,0.087,77305.0,0.146,28.3,2119760.0,815660.0,1105400.0,452880.0,2370.0
BK01,2021,64778.0,106.0,95.0,17.0,0.0021671043800695795,0.0016944008597175445,0.001034067222511725,BROOKLYN,159580.0,387.0,0.188,0.33299999999999996,0.087,77305.0,0.146,28.3,1988370.0,771110.0,1214500.0,415610.0,2580.0
BK01,2022,72240.0,140.0,137.0,89.0,0.0006727257668099534,0.000628114774661488,0.00021524803711634548,BROOKLYN,186944.0,453.0,0.188,0.34600000000000003,0.10099999999999999,89534.0,0.161,26.2,2416480.0,864330.0,1210890.0,453050.0,2330.0
BK01,2023,79104.0,125.0,114.0,49.0,0.0016871833291284724,0.001497610787179139,0.0008081461128171974,BROOKLYN,186944.0,453.0,0.188,0.34600000000000003,0.10099999999999999,89534.0,0.161,26.2,1199500.0,805.0,1175000.0,450000.0,2330.0
BK01,2024,50314.0,56.0,53.0,2.0,0.0010144107131823984,0.0009383839517623786,5.057335737735238e-05,BROOKLYN,186944.0,453.0,0.188,0.34600000000000003,0.10099999999999999,89534.0,0.161,26.2,1199500.0,805.0,1175000.0,450000.0,2330.0
BK02,2018,35224.0,269.0,268.0,23.0,0.01000587509149864,0.00996326206043374,0.0042593184553212,BROOKLYN,145843.0,469.0,0.159,0.17600000000000002,0.10099999999999999,68858.0,0.313,27.4,4347310.0,1132590.0,1547380.0,515010.0,2490.0
BK02,2019,27182.0,166.0,161.0,18.0,0.00286281710854703,0.002785517131969961,0.00027572676970101675,BROOKLYN,133346.0,428.0,0.138,0.156,0.11800000000000001,69023.0,0.29100000000000004,25.9,3820020.0,1196170.0,1446980.0,460000.0,2570.0
BK02,2020,50961.0,183.0,183.0,50.0,0.003814206439474745,0.003814206439474745,0.0014286695543016055,BROOKLYN,147130.0,473.0,0.125,0.151,0.125,76605.0,0.308,26.7,4054570.0,1006100.0,1308840.0,511340.0,2810.0
BK02,2021,50215.0,142.0,139.0,20.0,0.0016723037460276147,0.0016626874768315312,0.0006078082329122684,BROOKLYN,147130.0,473.0,0.125,0.151,0.125,76605.0,0.308,26.7,3386840.0,1234700.0,1310890.0,535500.0,2750.0
BK02,2022,58753.0,135.0,127.0,28.0,0.003428798952254888,0.0030048260528949115,0.0016582439803518507,BROOKLYN,135987.0,437.0,0.129,0.172,0.132,68295.0,0.32799999999999996,26.5,4931600.0,1232900.0,1537520.0,540160.0,2850.0
BK02,2023,62322.0,154.0,135.0,65.0,0.004000711931472768,0.003350566894267573,0.002715927839164421,BROOKLYN,135987.0,437.0,0.129,0.172,0.132,68295.0,0.32799999999999996,26.5,4325000.0,1085000.0,1550000.0,496800.0,2850.0
BK02,2024,48385.0,127.0,127.0,32.0,0.0016130817148826578,0.0016130817148826578,0.00016001499109041264,BROOKLYN,135987.0,437.0,0.129,0.172,0.132,68295.0,0.32799999999999996,26.5,4325000.0,1085000.0,1550000.0,496800.0,2850.0
BK03,2018,9495.0,149.0,134.0,4.0,0.014351332422807101,0.011973078790073182,0.0005022005738851617,BROOKLYN,155117.0,675.0,0.27,0.408,0.099,61257.0,0.24,32.9,1177890.0,598260.0,882540.0,367720.0,1660.0
BK03,2019,8538.0,158.0,120.0,5.0,0.01527362860884721,0.011905853173923618,0.000737221494102228,BROOKLYN,144306.0,628.0,0.23,0.306,0.10300000000000001,61818.0,0.184,29.0,1186520.0,631850.0,831060.0,354510.0,1660.0
BK03,2020,31057.0,251.0,219.0,42.0,0.007806114152176754,0.006125031235237374,0.0025009386541903636,BROOKLYN,137061.0,597.0,0.242,0.33,0.09,54893.0,0.258,31.4,1086910.0,675620.0,850750.0,308240.0,1990.0
BK03,2021,35405.0,164.0,151.0,37.0,0.004838540608006977,0.004441587083452983,0.002151105210687033,BROOKLYN,137061.0,597.0,0.242,0.33,0.09,54893.0,0.258,31.4,1569770.0,670130.0,956220.0,348840.0,1980.0
BK03,2022,38009.0,191.0,167.0,55.0,0.005547943480083049,0.004773842116024437,0.002629516735393384,BROOKLYN,166380.0,724.0,0.248,0.336,0.11,73542.0,0.195,30.0,1531390.0,698640.0,861730.0,334540.0,1950.0
BK03,2023,861780.0,160.0,130.0,45.0,0.00525414970196612,0.004490690835166469,0.002524232633279483,BROOKLYN,166380.0,724.0,0.248,0.336,0.11,73542.0,0.195,30.0,1835000.0,650000.0,785000.0,355000.0,1950.0
BK03,2024,22009.0,83.0,55.0,8.0,0.0031922950083918826,0.0023257449805000018,0.0006249974301092512,BROOKLYN,166380.0,724.0,0.248,0.336,0.11,73542.0,0.195,30.0,1835000.0,650000.0,785000.0,355000.0,1950.0
BK04,2018,5561.0,83.0,79.0,5.0,0.014274423698146904,0.013002159067103647,0.0008488632032223836,BROOKLYN,121188.0,478.0,0.24,0.38799999999999996,0.08900000000000001,50529.0,0.135,33.0,920780.0,565610.0,681910.0,338310.0,1870.0
BK04,2019,6019.0,64.0,63.0,2.0,0.011866368998751443,0.01185255092747783,0.0004667679193999518,BROOKLYN,127550.0,503.0,0.207,0.36700000000000005,0.09699999999999999,53654.0,0.146,33.1,1007100.0,544060.0,683310.0,258040.0,1980.0
BK04,2020,26043.0,157.0,146.0,21.0,0.0074752774044839964,0.006776674610072819,0.001746506986027944,BROOKLYN,114694.0,452.0,0.242,0.369,0.106,46540.0,0.15,32.9,1186490.0,560530.0,679460.0,374630.0,2290.0
BK04,2021,26358.0,119.0,110.0,39.0,0.005266907639112873,0.004841609930716996,0.002257792115874539,BROOKLYN,114694.0,452.0,0.242,0.369,0.106,46540.0,0.15,32.9,1211750.0,549420.0,644430.0,275400.0,2080.0
BK04,2022,30815.0,94.0,84.0,19.0,0.003926400409071333,0.0032090464571812986,0.0009904992925005053,BROOKLYN,94423.0,372.0,0.19899999999999998,0.207,0.10800000000000001,41188.0,0.196,30.5,1271830.0,519110.0,711190.0,226680.0,2180.0
BK04,2023,32221.0,120.0,117.0,18.0,0.0038762309741940818,0.0037699877351274774,0.0009989624036911937,BROOKLYN,94423.0,372.0,0.19899999999999998,0.207,0.10800000000000001,41188.0,0.196,30.5,1390000.0,494500.0,674000.0,220830.0,2180.0
BK04,2024,20363.0,69.0,67.0,36.0,0.0041193461495423606,0.003996797129934518,0.002573529411764706,BROOKLYN,94423.0,372.0,0.19899999999999998,0.207,0.10800000000000001,41188.0,0.196,30.5,1390000.0,494500.0,674000.0,220830.0,2180.0
BK05,2018,13975.0,340.0,300.0,35.0,0.01730155633537149,0.01680750865258076,0.0013083999000042129,BROOKLYN,171170.0,282.0,0.217,0.23800000000000002,0.122,66650.0,0.273,35.7,515400.0,330360.0,376550.0,191410.0,1460.0
BK05,2019,12530.0,288.0,262.0,17.0,0.009183462431047508,0.008974233749917751,0.0005989149031063551,BROOKLYN,180811.0,298.0,0.233,0.316,0.13,71022.0,0.26,34.1,555640.0,331890.0,376210.0,206340.0,1390.0
BK05,2020,22858.0,198.0,179.0,57.0,0.01136308408355596,0.009582418047686642,0.007203109718471269,BROOKLYN,178925.0,295.0,0.192,0.23399999999999999,0.146,62776.0,0.29100000000000004,30.4,622760.0,398340.0,335360.0,111540.0,1370.0
BK05,2021,26524.0,114.0,104.0,21.0,0.0059647708744709335,0.004805315151593572,0.0017330335161174922,BROOKLYN,178925.0,295.0,0.192,0.23399999999999999,0.146,62776.0,0.29100000000000004,30.4,602770.0,406210.0,347380.0,187730.0,1450.0
BK05,2022,29722.0,160.0,151.0,31.0,0.009527688643149235,0.008106561215389878,0.0036040391860554643,BROOKLYN,200828.0,331.0,0.24600000000000002,0.341,0.145,80939.0,0.233,32.8,615150.0,363380.0,353000.0,215950.0,1450.0
BK05,2023,34306.0,141.0,125.0,36.0,0.006559827757626332,0.006120862108031762,0.003097279993535528,BROOKLYN,200828.0,331.0,0.24600000000000002,0.341,0.145,80939.0,0.233,32.8,585000.0,349170.0,334420.0,163330.0,1450.0
BK05,2024,22259.0,97.0,84.0,4.0,0.002785757599107443,0.0026320592454406743,4.325745211480469e-05,BROOKLYN,200828.0,331.0,0.24600000000000002,0.341,0.145,80939.0,0.233,32.8,585000.0,349170.0,334420.0,163330.0,1450.0
BK06,2018,13728.0,71.0,70.0,6.0,0.006486464093403391,0.006386143066116072,0.0009471485223302805,BROOKLYN,116351.0,291.0,0.12300000000000001,0.107,0.11900000000000001,53847.0,0.382,25.9,3883170.0,1206130.0,1585250.0,529520.0,2490.0
BK06,2019,11515.0,43.0,42.0,1.0,0.002795060714609308,0.002786465218649191,5.308982798895732e-05,BROOKLYN,114043.0,285.0,0.076,0.066,0.106,50019.0,0.395,23.1,2918710.0,1157200.0,1580100.0,723490.0,2700.0
BK06,2020,30080.0,107.0,90.0,18.0,0.00340205901254551,0.0030616624505507865,0.0011101182878052933,BROOKLYN,117511.0,294.0,0.07200000000000001,0.053,0.111,56647.0,0.358,25.0,3756950.0,1138100.0,1515130.0,473740.0,2740.0
BK06,2021,29664.0,65.0,55.0,12.0,0.0021051108223075674,0.001780496694263001,0.0008648697703965878,BROOKLYN,117511.0,294.0,0.07200000000000001,0.053,0.111,56647.0,0.358,25.0,4130960.0,1175030.0,1365970.0,381650.0,2700.0
BK06,2022,33383.0,57.0,40.0,1.0,0.0019052834488072498,0.0012117147224516382,8.406893652795292e-05,BROOKLYN,107930.0,27.0,0.09300000000000001,0.066,0.146,53516.0,0.368,24.1,3628620.0,1142050.0,1653380.0,579100.0,2730.0
BK06,2023,35594.0,94.0,61.0,8.0,0.0022162267368148933,0.001310325236419406,0.0005088620279326111,BROOKLYN,107930.0,27.0,0.09300000000000001,0.066,0.146,53516.0,0.368,24.1,3475000.0,1100000.0,1536690.0,603800.0,2730.0
BK06,2024,20461.0,49.0,32.0,1.0,0.0017799201018204387,0.001235360709521102,0.00016299918500407498,BROOKLYN,107930.0,27.0,0.09300000000000001,0.066,0.146,53516.0,0.368,24.1,3475000.0,1100000.0,1536690.0,603800.0,2730.0
BK07,2018,9045.0,95.0,81.0,6.0,0.013634291811628299,0.010805437497625471,0.001897689768976898,BROOKLYN,132875.0,331.0,0.171,0.209,0.11,45903.0,0.281,31.9,1706240.0,706030.0,933720.0,354980.0,1880.0
BK07,2019,6962.0,50.0,48.0,3.0,0.008013388023997469,0.006426086436695882,0.00044191919191919195,BROOKLYN,130783.0,326.0,0.18100000000000002,0.23399999999999999,0.122,45983.0,0.307,29.4,1759530.0,752430.0,821120.0,311100.0,1790.0
BK07,2020,20258.0,198.0,187.0,67.0,0.01087167663370625,0.01030136042305267,0.0065403870696591985,BROOKLYN,134945.0,336.0,0.22899999999999998,0.245,0.114,47915.0,0.304,36.3,1308840.0,739780.0,829110.0,289750.0,1820.0
BK07,2021,20953.0,107.0,102.0,37.0,0.006161256086524891,0.005650592743497609,0.003391086696723035,BROOKLYN,134945.0,336.0,0.22899999999999998,0.245,0.114,47915.0,0.304,36.3,1707460.0,702260.0,908810.0,253640.0,1780.0
BK07,2022,20181.0,66.0,65.0,39.0,0.004951907671794224,0.004871158317789056,0.003492409560723514,BROOKLYN,129890.0,324.0,0.207,0.28,0.125,46722.0,0.321,29.2,1718790.0,687830.0,728160.0,255230.0,1940.0
BK07,2023,24132.0,78.0,70.0,29.0,0.004282467272337762,0.003462026578479347,0.0019221753398968588,BROOKLYN,129890.0,324.0,0.207,0.28,0.125,46722.0,0.321,29.2,1500000.0,615000.0,761250.0,175000.0,1940.0
BK07,2024,13483.0,42.0,41.0,2.0,0.0012582801858345332,0.0012562451837995312,4.477004477004477e-05,BROOKLYN,129890.0,324.0,0.207,0.28,0.125,46722.0,0.321,29.2,1500000.0,615000.0,761250.0,175000.0,1940.0
BK08,2018,14065.0,216.0,211.0,12.0,0.01581457396859877,0.01503264402952131,0.0010595587859074758,BROOKLYN,136367.0,614.0,0.19,0.244,0.12300000000000001,60263.0,0.218,30.4,1015510.0,632240.0,1281500.0,372450.0,1620.0
BK08,2019,11807.0,202.0,195.0,16.0,0.011778924331331203,0.011595317173990378,0.0006040800147093896,BROOKLYN,128327.0,578.0,0.159,0.192,0.136,60403.0,0.214,27.7,1736370.0,553470.0,1316750.0,265760.0,1800.0
BK08,2020,28997.0,327.0,226.0,33.0,0.007002427169737596,0.0062698747510889575,0.0016955212950065805,BROOKLYN,138614.0,624.0,0.14800000000000002,0.17600000000000002,0.111,65757.0,0.183,29.7,2503870.0,682870.0,1332730.0,231150.0,1900.0
BK08,2021,29732.0,177.0,148.0,33.0,0.006183767370441749,0.005058052198673945,0.0011620478287144953,BROOKLYN,138614.0,624.0,0.14800000000000002,0.17600000000000002,0.111,65757.0,0.183,29.7,1894730.0,730720.0,1228270.0,243110.0,1870.0
BK08,2022,33709.0,117.0,103.0,18.0,0.004089309917078576,0.003200568026225552,0.0008484267689488401,BROOKLYN,107419.0,484.0,0.20199999999999999,0.235,0.11900000000000001,52407.0,0.192,30.0,1920730.0,690720.0,1131670.0,410970.0,1810.0
BK08,2023,39053.0,156.0,142.0,28.0,0.004967767016775253,0.00385290594202113,0.0015906250618147233,BROOKLYN,107419.0,484.0,0.20199999999999999,0.235,0.11900000000000001,52407.0,0.192,30.0,1860000.0,650000.0,1024000.0,233330.0,1810.0
BK08,2024,23262.0,76.0,69.0,4.0,0.002556696788369296,0.0022459099765400935,0.0003040305767894371,BROOKLYN,107419.0,484.0,0.20199999999999999,0.235,0.11900000000000001,52407.0,0.192,30.0,1860000.0,650000.0,1024000.0,233330.0,1810.0
BK09,2018,16512.0,421.0,350.0,36.0,0.03849194151685444,0.03212022116409617,0.0035324929522065978,BROOKLYN,111448.0,652.0,0.153,0.213,0.14400000000000002,47454.0,0.145,29.0,1729770.0,597180.0,803240.0,294180.0,1750.0
BK09,2019,14713.0,275.0,251.0,22.0,0.02143247446487748,0.02043305213752569,0.0023671931295465645,BROOKLYN,106258.0,622.0,0.179,0.301,0.14,48952.0,0.17,29.8,1533800.0,564320.0,717700.0,309890.0,1670.0
BK09,2020,27299.0,350.0,341.0,37.0,0.014080055137139821,0.0129243410084185,0.004797280940949715,BROOKLYN,109967.0,644.0,0.22399999999999998,0.263,0.183,48945.0,0.18100000000000002,29.8,1870790.0,751160.0,739780.0,206280.0,1750.0
BK09,2021,29330.0,238.0,229.0,28.0,0.006455314357650859,0.006202858261256202,0.001349135993802432,BROOKLYN,109967.0,644.0,0.22399999999999998,0.263,0.183,48945.0,0.18100000000000002,29.8,1795590.0,533350.0,770010.0,255330.0,1650.0
BK09,2022,33049.0,224.0,197.0,23.0,0.006872011539047147,0.005418632660734865,0.0014958196491111468,BROOKLYN,94109.0,551.0,0.166,0.188,0.14,43187.0,0.2,28.6,1450930.0,571030.0,773480.0,180610.0,1600.0
BK09,2023,31658.0,171.0,161.0,17.0,0.005090264020949142,0.0048413825577192805,0.0012587979788714774,BROOKLYN,94109.0,551.0,0.166,0.188,0.14,43187.0,0.2,28.6,1605000.0,650000.0,813650.0,164390.0,1600.0
BK09,2024,23876.0,78.0,74.0,2.0,0.003655280859194903,0.0034817222804639104,0.0001579338535860275,BROOKLYN,94109.0,551.0,0.166,0.188,0.14,43187.0,0.2,28.6,1605000.0,650000.0,813650.0,164390.0,1600.0
BK10,2018,16600.0,124.0,122.0,26.0,0.008090796496057187,0.008050877929932082,0.0020713347563346644,BROOKLYN,125200.0,325.0,0.159,0.213,0.17800000000000002,53098.0,0.44299999999999995,29.9,1170830.0,677590.0,776630.0,294180.0,1710.0
BK10,2019,11583.0,51.0,50.0,2.0,0.0033849924160931073,0.0033561223889552816,0.00017692388341371357,BROOKLYN,121925.0,317.0,0.142,0.16699999999999998,0.188,53435.0,0.386,27.7,1134430.0,714810.0,752430.0,289400.0,1870.0
BK10,2020,26281.0,104.0,85.0,27.0,0.005594326187503807,0.0043357329459460464,0.0023704823591665612,BROOKLYN,111952.0,291.0,0.157,0.233,0.19,50104.0,0.41700000000000004,30.3,1121050.0,654420.0,614590.0,260820.0,1920.0
BK10,2021,25276.0,81.0,73.0,35.0,0.004277750941313515,0.003752243624634721,0.0031362007168458782,BROOKLYN,111952.0,291.0,0.157,0.233,0.19,50104.0,0.41700000000000004,30.3,1156670.0,660950.0,743570.0,240510.0,1790.0
BK10,2022,34286.0,111.0,71.0,15.0,0.00407154028575944,0.003068531258678196,0.0012328652624540287,BROOKLYN,116696.0,303.0,0.125,0.133,0.21899999999999997,51646.0,0.38799999999999996,29.4,1179950.0,659280.0,726760.0,235760.0,1710.0
BK10,2023,29099.0,67.0,58.0,25.0,0.0035808514590588724,0.003062294716303489,0.002452747598529775,BROOKLYN,116696.0,303.0,0.125,0.133,0.21899999999999997,51646.0,0.38799999999999996,29.4,1100000.0,647500.0,671330.0,205270.0,1710.0
BK10,2024,19465.0,29.0,29.0,4.0,0.0016060084803655832,0.0016060084803655832,9.19044483200301e-05,BROOKLYN,116696.0,303.0,0.125,0.133,0.21899999999999997,51646.0,0.38799999999999996,29.4,1100000.0,647500.0,671330.0,205270.0,1710.0
BK11,2018,12637.0,165.0,157.0,7.0,0.006976197860044465,0.006772135918177645,0.0001999398132199764,BROOKLYN,186850.0,505.0,0.2,0.301,0.157,67933.0,0.363,35.9,1000210.0,585420.0,628150.0,260400.0,1660.0
BK11,2019,11511.0,122.0,112.0,3.0,0.004475320301649889,0.004080469160530092,0.00010023144351502559,BROOKLYN,186959.0,506.0,0.146,0.17300000000000001,0.165,68574.0,0.365,33.3,995520.0,577630.0,665610.0,273960.0,1670.0
BK11,2020,28803.0,276.0,265.0,106.0,0.008394388991883758,0.007804076733249753,0.005944026733500418,BROOKLYN,206519.0,559.0,0.231,0.326,0.161,76452.0,0.326,33.9,967410.0,572860.0,660110.0,218140.0,1700.0
BK11,2021,27123.0,171.0,152.0,44.0,0.005541346341485219,0.005056544249181452,0.004047658916212164,BROOKLYN,206519.0,559.0,0.231,0.326,0.161,76452.0,0.326,33.9,1029990.0,545290.0,682990.0,231330.0,1700.0
BK11,2022,30202.0,191.0,187.0,120.0,0.005501578612633899,0.00522464701473858,0.004718896445564958,BROOKLYN,184415.0,499.0,0.195,0.285,0.187,70372.0,0.324,34.2,986320.0,567570.0,639590.0,236310.0,1630.0
BK11,2023,33086.0,250.0,238.0,143.0,0.007664841387123228,0.00715289740761045,0.006292306786744364,BROOKLYN,184415.0,499.0,0.195,0.285,0.187,70372.0,0.324,34.2,946000.0,546000.0,642000.0,205.0,1630.0
BK11,2024,19352.0,50.0,39.0,8.0,0.0019970966392410965,0.001266663051664652,0.0007368801179008189,BROOKLYN,184415.0,499.0,0.195,0.285,0.187,70372.0,0.324,34.2,946000.0,546000.0,642000.0,205.0,1630.0
BK12,2018,11294.0,154.0,146.0,18.0,0.011595364343813737,0.011328049247711162,0.0015124759610535066,BROOKLYN,138570.0,441.0,0.278,0.379,0.124,45908.0,0.353,42.2,1482960.0,735450.0,851350.0,329480.0,1830.0
BK12,2019,9736.0,155.0,151.0,13.0,0.00931380707083309,0.009128647602240764,0.0005621372155431968,BROOKLYN,153470.0,488.0,0.268,0.371,0.11900000000000001,48050.0,0.337,40.5,1389100.0,675260.0,884030.0,242370.0,1830.0
BK12,2020,26746.0,338.0,206.0,49.0,0.00735945577796575,0.006189711874632253,0.0038554654638449657,BROOKLYN,172253.0,548.0,0.23800000000000002,0.318,0.115,54686.0,0.326,37.9,1365750.0,682870.0,850750.0,287380.0,1760.0
BK12,2021,27660.0,248.0,193.0,33.0,0.006105199002541879,0.004476161135474601,0.0020978537355797106,BROOKLYN,172253.0,548.0,0.23800000000000002,0.318,0.115,54686.0,0.326,37.9,1432620.0,716030.0,958670.0,318360.0,1800.0
BK12,2022,27046.0,184.0,145.0,46.0,0.005059791104318694,0.003933945879761024,0.002395711597642596,BROOKLYN,191368.0,608.0,0.23800000000000002,0.303,0.114,59530.0,0.276,36.5,1441190.0,752720.0,937000.0,221060.0,1840.0
BK12,2023,30501.0,154.0,122.0,25.0,0.0038726967093204224,0.0033610868089054193,0.0016514683496296797,BROOKLYN,191368.0,608.0,0.23800000000000002,0.303,0.114,59530.0,0.276,36.5,1500000.0,805.0,870000.0,238500.0,1840.0
BK12,2024,20158.0,60.0,54.0,2.0,0.0014440198705643458,0.001373742987417305,0.00018611576400521124,BROOKLYN,191368.0,608.0,0.23800000000000002,0.303,0.114,59530.0,0.276,36.5,1500000.0,805.0,870000.0,238500.0,1840.0
BK13,2018,25162.0,267.0,267.0,19.0,0.012426187794837848,0.012426187794837848,0.0004637331380165942,BROOKLYN,113339.0,33.0,0.289,0.376,0.262,50281.0,0.293,32.4,675440.0,420680.0,638370.0,237250.0,1320.0
BK13,2019,18747.0,157.0,157.0,5.0,0.008223341357450184,0.008223341357450184,0.00020886024312637678,BROOKLYN,115277.0,335.0,0.256,0.302,0.255,50586.0,0.249,33.3,669080.0,463030.0,636670.0,173640.0,1250.0
BK13,2020,39826.0,285.0,273.0,29.0,0.009979437665021558,0.009895714535554533,0.005536789671665035,BROOKLYN,120401.0,35.0,0.24100000000000002,0.326,0.28300000000000003,53107.0,0.325,34.5,717020.0,426800.0,677180.0,202930.0,1470.0
BK13,2021,39151.0,157.0,147.0,41.0,0.009024830844900793,0.008956786044204013,0.006983443684184507,BROOKLYN,120401.0,35.0,0.24100000000000002,0.326,0.28300000000000003,53107.0,0.325,34.5,660950.0,510860.0,660950.0,189470.0,1310.0
BK13,2022,40084.0,145.0,142.0,31.0,0.009499500992610694,0.009447472003816066,0.00786551259119081,BROOKLYN,119482.0,348.0,0.249,0.327,0.24,53068.0,0.248,38.3,635920.0,467200.0,680040.0,259560.0,1450.0
BK13,2023,39966.0,154.0,153.0,22.0,0.004686618044187696,0.004670669080870312,0.0030508360756729227,BROOKLYN,119482.0,348.0,0.249,0.327,0.24,53068.0,0.248,38.3,598500.0,387250.0,597500.0,183330.0,1450.0
BK13,2024,35508.0,118.0,109.0,23.0,0.0033815946766512614,0.002710424762420811,0.0004986986033672421,BROOKLYN,119482.0,348.0,0.249,0.327,0.24,53068.0,0.248,38.3,598500.0,387250.0,597500.0,183330.0,1450.0
BK14,2018,25300.0,540.0,521.0,70.0,0.01973297556742874,0.018964813972362344,0.0032198161595429118,BROOKLYN,154833.0,533.0,0.14400000000000002,0.162,0.145,60753.0,0.239,31.1,1370880.0,629540.0,735450.0,265010.0,1630.0
BK14,2019,19314.0,438.0,427.0,35.0,0.019444318406951155,0.018902320760236787,0.001462998734524605,BROOKLYN,156866.0,54.0,0.12,0.079,0.14800000000000002,60160.0,0.24600000000000002,31.3,1247300.0,662720.0,701330.0,175260.0,1720.0
BK14,2020,44056.0,473.0,452.0,45.0,0.01055525413989635,0.009877399253426573,0.002101778217353597,BROOKLYN,173007.0,595.0,0.166,0.18100000000000002,0.17300000000000001,68790.0,0.23600000000000002,32.0,1422650.0,628810.0,625970.0,154460.0,1790.0
BK14,2021,45355.0,336.0,306.0,32.0,0.006656096523883035,0.0056610266202862785,0.0004941678475585238,BROOKLYN,173007.0,595.0,0.166,0.18100000000000002,0.17300000000000001,68790.0,0.23600000000000002,32.0,1376990.0,700610.0,666460.0,200970.0,1700.0
BK14,2022,49507.0,183.0,155.0,10.0,0.0037881736410199894,0.003164664215087727,0.00012315654538881682,BROOKLYN,152340.0,524.0,0.213,0.319,0.154,66268.0,0.256,33.8,1344510.0,627350.0,591790.0,176820.0,1690.0
BK14,2023,49817.0,220.0,205.0,35.0,0.004610631342713663,0.004142319440486924,0.00037152568808293264,BROOKLYN,152340.0,524.0,0.213,0.319,0.154,66268.0,0.256,33.8,1392500.0,625000.0,650000.0,151810.0,1690.0
BK14,2024,36936.0,100.0,95.0,17.0,0.002770842628934307,0.0026857092715565525,0.00034437539830049595,BROOKLYN,152340.0,524.0,0.213,0.319,0.154,66268.0,0.256,33.8,1392500.0,625000.0,650000.0,151810.0,1690.0
BK15,2018,15610.0,159.0,156.0,19.0,0.012942517088863206,0.012852304361867115,0.003634363698740646,BROOKLYN,158213.0,366.0,0.145,0.157,0.196,64256.0,0.451,33.3,891360.0,517760.0,606990.0,336200.0,1660.0
BK15,2019,12254.0,116.0,114.0,3.0,0.008497464085788596,0.008307458385617592,0.00013748641122679733,BROOKLYN,147401.0,341.0,0.11599999999999999,0.122,0.19699999999999998,62863.0,0.457,29.7,926070.0,532490.0,549850.0,289400.0,1670.0
BK15,2020,33777.0,191.0,176.0,83.0,0.019317604578195143,0.017178109499033825,0.014617306188364423,BROOKLYN,159185.0,368.0,0.191,0.233,0.21100000000000002,64831.0,0.49,36.8,950330.0,526860.0,597520.0,92880.0,1670.0
BK15,2021,30441.0,149.0,137.0,39.0,0.00841333819800006,0.006491141401661388,0.005452889145467297,BROOKLYN,159185.0,368.0,0.191,0.233,0.21100000000000002,64831.0,0.49,36.8,947370.0,523260.0,600370.0,282280.0,1680.0
BK15,2022,31143.0,206.0,106.0,28.0,0.00752326933052973,0.0058727219394728,0.004373327827570677,BROOKLYN,151970.0,351.0,0.191,0.235,0.225,65842.0,0.436,33.2,887690.0,518600.0,487970.0,209380.0,1670.0
BK15,2023,31904.0,111.0,110.0,11.0,0.006437032936486955,0.006423050833578679,0.002075953272656786,BROOKLYN,151970.0,351.0,0.191,0.235,0.225,65842.0,0.436,33.2,905.0,503750.0,517500.0,232350.0,1670.0
BK15,2024,25749.0,73.0,66.0,4.0,0.0017021408465481992,0.0015892323872773028,7.250387291521156e-05,BROOKLYN,151970.0,351.0,0.191,0.235,0.225,65842.0,0.436,33.2,905.0,503750.0,517500.0,232350.0,1670.0
BK16,2018,8379.0,172.0,167.0,7.0,0.025564635360536575,0.024824455668433807,0.0022513052558301425,BROOKLYN,122128.0,471.0,0.278,0.35700000000000004,0.11,54613.0,0.179,36.6,535410.0,391450.0,582470.0,196120.0,1140.0
BK16,2019,6411.0,90.0,90.0,5.0,0.02082822375130241,0.02082822375130241,0.00236875,BROOKLYN,128369.0,496.0,0.34299999999999997,0.474,0.125,55188.0,0.177,38.2,548960.0,424450.0,573000.0,191000.0,1290.0
BK16,2020,16962.0,119.0,107.0,22.0,0.0077901010768390904,0.006964810035382634,0.0026439673952600804,BROOKLYN,123956.0,479.0,0.28800000000000003,0.38299999999999995,0.151,50473.0,0.214,33.7,554840.0,436760.0,530190.0,237110.0,1100.0
BK16,2021,19858.0,101.0,93.0,16.0,0.007737488052814789,0.007450696836820033,0.003215807463595074,BROOKLYN,123956.0,479.0,0.28800000000000003,0.38299999999999995,0.151,50473.0,0.214,33.7,599820.0,403300.0,567320.0,275400.0,1140.0
BK16,2022,21466.0,114.0,101.0,10.0,0.006267745913331013,0.005975519878374257,0.0007716397768546947,BROOKLYN,99827.0,385.0,0.391,0.551,0.131,41207.0,0.154,34.4,560640.0,397560.0,503540.0,243880.0,1180.0
BK16,2023,22873.0,76.0,73.0,12.0,0.003967784355099173,0.0034122287995436177,0.001156690746474028,BROOKLYN,99827.0,385.0,0.391,0.551,0.131,41207.0,0.154,34.4,577500.0,329250.0,522500.0,341670.0,1180.0
BK16,2024,13293.0,88.0,81.0,7.0,0.003558328153268836,0.0034954761966687247,0.0013893600794862644,BROOKLYN,99827.0,385.0,0.391,0.551,0.131,41207.0,0.154,34.4,577500.0,329250.0,522500.0,341670.0,1180.0
BK17,2018,13024.0,382.0,368.0,17.0,0.02321527820521441,0.022154834780446914,0.0031672697482466117,BROOKLYN,135931.0,441.0,0.102,0.152,0.16,58175.0,0.363,31.9,644250.0,339780.0,519040.0,235340.0,1570.0
BK17,2019,11682.0,278.0,275.0,13.0,0.01877139848895422,0.018507203670923227,0.0010628757094485368,BROOKLYN,136009.0,442.0,0.099,0.11,0.17,58600.0,0.324,32.3,671400.0,361740.0,625090.0,203220.0,1650.0
BK17,2020,27869.0,318.0,253.0,43.0,0.00919895875415316,0.007606137406438719,0.002842781964457008,BROOKLYN,139133.0,452.0,0.17600000000000002,0.195,0.18,57266.0,0.3,34.2,672630.0,379000.0,616860.0,140390.0,1510.0
BK17,2021,31436.0,262.0,256.0,26.0,0.00596255204843703,0.00572300662535797,0.0010499909894860957,BROOKLYN,139133.0,452.0,0.17600000000000002,0.195,0.18,57266.0,0.3,34.2,727050.0,390980.0,578330.0,161570.0,1650.0
BK17,2022,33356.0,302.0,165.0,24.0,0.008550201826726974,0.005887028895299774,0.003169124322970477,BROOKLYN,160620.0,522.0,0.17800000000000002,0.294,0.196,67803.0,0.336,32.4,688870.0,354380.0,604690.0,164390.0,1520.0
BK17,2023,38836.0,235.0,219.0,31.0,0.008150863394142662,0.007425623065637693,0.0018581349262280157,BROOKLYN,160620.0,522.0,0.17800000000000002,0.294,0.196,67803.0,0.336,32.4,654600.0,338900.0,550000.0,166670.0,1520.0
BK17,2024,22675.0,126.0,121.0,3.0,0.0024985016826981157,0.0024320586157714898,6.472717571230211e-05,BROOKLYN,160620.0,522.0,0.17800000000000002,0.294,0.196,67803.0,0.336,32.4,654600.0,338900.0,550000.0,166670.0,1520.0
BK18,2018,5934.0,67.0,63.0,4.0,0.013973756484346987,0.006304037822399256,0.00780630333610466,BROOKLYN,195026.0,159.0,0.096,0.129,0.16899999999999998,72759.0,0.585,29.7,729560.0,370670.0,417730.0,305950.0,1720.0
BK18,2019,2737.0,39.0,39.0,0.0,0.008519419810849884,0.008519419810849884,0.0,BROOKLYN,196895.0,161.0,0.106,0.172,0.162,77372.0,0.583,28.6,711910.0,396470.0,463030.0,248480.0,1680.0
BK18,2020,8107.0,81.0,80.0,4.0,0.009343148717864494,0.008541866666582442,0.003205128205128205,BROOKLYN,196219.0,16.0,0.121,0.184,0.191,72901.0,0.589,30.4,739780.0,408300.0,464350.0,215000.0,1710.0
BK18,2021,7129.0,51.0,51.0,3.0,0.003913078261126774,0.003913078261126774,0.0022624434389140274,BROOKLYN,196219.0,16.0,0.121,0.184,0.191,72901.0,0.589,30.4,771110.0,457160.0,468180.0,215000.0,1840.0
BK18,2022,6653.0,57.0,42.0,7.0,0.00611794787427666,0.003916775046552964,0.0020471464019851116,BROOKLYN,189888.0,155.0,0.115,0.16399999999999998,0.21100000000000002,76363.0,0.613,32.7,757910.0,420480.0,456820.0,215000.0,1670.0
BK18,2023,9133.0,45.0,45.0,1.0,0.001242560119072574,0.001242560119072574,9.157509157509158e-06,BROOKLYN,189888.0,155.0,0.115,0.16399999999999998,0.21100000000000002,76363.0,0.613,32.7,702600.0,405.0,405.0,175000.0,1670.0
BK18,2024,6507.0,28.0,27.0,5.0,0.003006263160371423,0.0029626559739070932,0.0015698587127158557,BROOKLYN,189888.0,155.0,0.115,0.16399999999999998,0.21100000000000002,76363.0,0.613,32.7,702600.0,405.0,405.0,175000.0,1670.0
BX01,2018,11366.0,217.0,214.0,16.0,0.014255186519202774,0.014061044346800654,0.0007486343846284002,BRONX,164003.0,334.0,0.377,0.47200000000000003,0.09,56250.0,0.086,37.9,558940.0,329480.0,504730.0,216390.0,1080.0
BX01,2019,15199.0,192.0,176.0,17.0,0.016250825266390264,0.013218976646231156,0.0013353262404669994,BRONX,146824.0,299.0,0.396,0.541,0.106,56443.0,0.087,35.9,532490.0,324120.0,365800.0,280710.0,1140.0
BX01,2020,25989.0,180.0,161.0,63.0,0.009048754368514619,0.008563389137044996,0.005684329574043961,BRONX,159556.0,325.0,0.366,0.501,0.12,57071.0,0.09,36.3,489390.0,406880.0,389810.0,258270.0,1310.0
BX01,2021,25028.0,111.0,95.0,9.0,0.006364843668774405,0.00582648412381623,0.002065583001930334,BRONX,159556.0,325.0,0.366,0.501,0.12,57071.0,0.09,36.3,702260.0,418600.0,382800.0,148190.0,1160.0
BX01,2022,28989.0,96.0,95.0,14.0,0.005852401522463288,0.0058102234466271075,0.0035682652157408576,BRONX,146382.0,298.0,0.327,0.38,0.136,57364.0,0.113,34.2,586600.0,365980.0,324450.0,181690.0,1020.0
BX01,2023,32025.0,96.0,96.0,15.0,0.004617573836425139,0.004617573836425139,0.0024507859330278868,BRONX,146382.0,298.0,0.327,0.38,0.136,57364.0,0.113,34.2,605.0,350000.0,320000.0,142860.0,1020.0
BX01,2024,23306.0,34.0,32.0,3.0,0.0007809136453281701,0.0007474037510057499,5.378829933019684e-05,BRONX,146382.0,298.0,0.327,0.38,0.136,57364.0,0.113,34.2,605.0,350000.0,320000.0,142860.0,1020.0
BX02,2018,10312.0,160.0,154.0,8.0,0.014399738739691728,0.01348774323189076,0.0008205142434547259,BRONX,175456.0,401.0,0.377,0.507,0.10300000000000001,64444.0,0.054000000000000006,37.4,514230.0,279470.0,242700.0,223480.0,1230.0
BX02,2019,8653.0,101.0,98.0,5.0,0.009512060844336256,0.009092172889154183,0.0003389956531686113,BRONX,172930.0,395.0,0.40299999999999997,0.502,0.1,66971.0,0.051,39.9,544060.0,368980.0,245990.0,123460.0,1260.0
BX02,2020,15467.0,102.0,98.0,3.0,0.006472035085539284,0.006257113463033913,8.706854139154303e-05,BRONX,175532.0,401.0,0.358,0.41700000000000004,0.113,67007.0,0.078,34.8,526380.0,276000.0,147960.0,17640.0,1290.0
BX02,2021,16448.0,86.0,75.0,4.0,0.00518891924487325,0.0033768905352718126,6.399741795696208e-05,BRONX,175532.0,401.0,0.358,0.41700000000000004,0.113,67007.0,0.078,34.8,480540.0,380050.0,305690.0,175090.0,1230.0
BX02,2022,17223.0,51.0,49.0,0.0,0.0015715116209600712,0.0014858768532443785,0.0,BRONX,168992.0,386.0,0.384,0.47,0.115,64595.0,0.051,31.6,529500.0,345730.0,310430.0,220210.0,1180.0
BX02,2023,17661.0,52.0,51.0,12.0,0.0042760285749552755,0.004222609771536472,0.0014162394765358005,BRONX,168992.0,386.0,0.384,0.47,0.115,64595.0,0.051,31.6,480000.0,283330.0,229000.0,210000.0,1180.0
BX02,2024,10710.0,11.0,11.0,1.0,0.0008638354658802024,0.0008638354658802024,3.663003663003663e-05,BRONX,168992.0,386.0,0.384,0.47,0.115,64595.0,0.051,31.6,480000.0,283330.0,229000.0,210000.0,1180.0
BX03,2018,13982.0,251.0,232.0,19.0,0.019369442697002515,0.018879123141008647,0.003481607766419484,BRONX,136636.0,684.0,0.324,0.449,0.122,51402.0,0.049,36.5,541760.0,262800.0,329480.0,197330.0,1380.0
BX03,2019,11986.0,164.0,140.0,12.0,0.01573205887606323,0.013864940394439706,0.0016279622299405275,BRONX,140906.0,705.0,0.324,0.41,0.08199999999999999,51757.0,0.057999999999999996,37.0,484100.0,306280.0,350170.0,177250.0,1350.0
BX03,2020,21309.0,256.0,155.0,35.0,0.010239197711917052,0.007929702936648573,0.003412147748085248,BRONX,145325.0,728.0,0.28300000000000003,0.294,0.122,52154.0,0.094,36.1,546300.0,274670.0,344280.0,273860.0,1370.0
BX03,2021,25180.0,95.0,93.0,4.0,0.0032365425816443093,0.0031981113447349494,8.665793443291559e-05,BRONX,145325.0,728.0,0.28300000000000003,0.294,0.122,52154.0,0.094,36.1,541430.0,341490.0,359670.0,142880.0,1410.0
BX03,2022,24760.0,109.0,103.0,8.0,0.003975482183581511,0.003916190932206144,0.0021415642988546675,BRONX,139747.0,70.0,0.34600000000000003,0.48,0.12,54051.0,0.092,34.2,518880.0,323580.0,368570.0,161600.0,1510.0
BX03,2023,26720.0,162.0,145.0,9.0,0.006618978258455703,0.005464417949483629,0.0011015961163019987,BRONX,139747.0,70.0,0.34600000000000003,0.48,0.12,54051.0,0.092,34.2,510000.0,320830.0,363500.0,130150.0,1510.0
BX03,2024,19556.0,74.0,71.0,4.0,0.0018255425211695874,0.0017867494177213118,0.00010815047021943574,BRONX,139747.0,70.0,0.34600000000000003,0.48,0.12,54051.0,0.092,34.2,510000.0,320830.0,363500.0,130150.0,1510.0
BX04,2018,35090.0,676.0,664.0,44.0,0.02216020673533942,0.0218836783523921,0.002768561074997986,BRONX,139732.0,925.0,0.364,0.509,0.08199999999999999,49749.0,0.034,38.2,511870.0,259860.0,223580.0,211480.0,1370.0
BX04,2019,30324.0,410.0,366.0,16.0,0.012958792895759932,0.011279611369084142,0.0006976113375134894,BRONX,138209.0,915.0,0.314,0.37200000000000005,0.092,47934.0,0.04,34.9,599050.0,312550.0,191000.0,212890.0,1420.0
BX04,2020,49913.0,355.0,327.0,36.0,0.007171318004304835,0.006622687117583136,0.0018963438557989328,BRONX,130157.0,862.0,0.337,0.433,0.094,47679.0,0.031,39.8,452400.0,314410.0,230470.0,158590.0,1420.0
BX04,2021,46375.0,218.0,206.0,27.0,0.0047341818574197485,0.004575743147801414,0.001118088925969515,BRONX,130157.0,862.0,0.337,0.433,0.094,47679.0,0.031,39.8,680230.0,315790.0,305.0,142290.0,1450.0
BX04,2022,51076.0,181.0,178.0,6.0,0.003461660977749569,0.0034307233713237405,0.000790647200220427,BRONX,132380.0,877.0,0.28600000000000003,0.33,0.11,55601.0,0.055,42.5,550260.0,320120.0,305.0,185470.0,1550.0
BX04,2023,53406.0,159.0,147.0,11.0,0.003412965780890585,0.0018648588340691408,9.676474923837913e-05,BRONX,132380.0,877.0,0.28600000000000003,0.33,0.11,55601.0,0.055,42.5,510000.0,306830.0,305.0,123110.0,1550.0
BX04,2024,38686.0,85.0,59.0,5.0,0.0019204115350736869,0.0013910276076267126,5.188056903366684e-05,BRONX,132380.0,877.0,0.28600000000000003,0.33,0.11,55601.0,0.055,42.5,510000.0,306830.0,305.0,123110.0,1550.0
BX05,2018,25635.0,449.0,412.0,22.0,0.01888285686424001,0.01707586077827187,0.0025204299483334754,BRONX,133784.0,853.0,0.278,0.387,0.102,49211.0,0.07,37.9,514810.0,294180.0,,200380.0,1500.0
BX05,2019,21506.0,309.0,256.0,19.0,0.019196574694291417,0.01648485992515476,0.003652672209247258,BRONX,151684.0,967.0,0.226,0.308,0.096,53228.0,0.059000000000000004,37.0,607730.0,330780.0,,198690.0,1560.0
BX05,2020,41191.0,402.0,305.0,49.0,0.010743200505806877,0.008657801521584296,0.00329676178424918,BRONX,130407.0,832.0,0.271,0.353,0.09699999999999999,52875.0,0.071,41.7,567350.0,359930.0,,167800.0,1570.0
BX05,2021,43261.0,170.0,160.0,8.0,0.004918041842733014,0.003849617035012297,0.00019701058302169092,BRONX,130407.0,832.0,0.271,0.353,0.09699999999999999,52875.0,0.071,41.7,589350.0,358020.0,,151470.0,1550.0
BX05,2022,43358.0,95.0,88.0,10.0,0.002667469547633481,0.0017323012505019938,0.00015922065148574394,BRONX,114828.0,732.0,0.377,0.516,0.109,43525.0,0.055999999999999994,42.6,693020.0,372720.0,,166760.0,1370.0
BX05,2023,47166.0,119.0,114.0,1.0,0.0036242908642711382,0.0035657556706008096,1.8870986612922097e-06,BRONX,114828.0,732.0,0.377,0.516,0.109,43525.0,0.055999999999999994,42.6,765000.0,371250.0,,113890.0,1370.0
BX05,2024,34688.0,69.0,66.0,0.0,0.0015184816485925812,0.0013871322223848405,0.0,BRONX,114828.0,732.0,0.377,0.516,0.109,43525.0,0.055999999999999994,42.6,765000.0,371250.0,,113890.0,1370.0
BX06,2018,14191.0,239.0,214.0,25.0,0.018814351481255806,0.016587855735969208,0.002897153607486997,BRONX,119846.0,35.0,0.188,0.27899999999999997,0.185,46452.0,0.358,35.3,470690.0,278490.0,294450.0,215140.0,1630.0
BX06,2019,11989.0,124.0,110.0,27.0,0.011045025172403146,0.009754362766611685,0.0013066160176986744,BRONX,104149.0,304.0,0.165,0.27399999999999997,0.218,43681.0,0.281,31.9,449720.0,309270.0,280710.0,216820.0,1630.0
BX06,2020,28205.0,146.0,138.0,31.0,0.0037418296631880174,0.00354323120371902,0.00069826593081761,BRONX,109361.0,319.0,0.18600000000000003,0.214,0.212,44995.0,0.33799999999999997,35.1,517850.0,316020.0,330700.0,212830.0,1700.0
BX06,2021,26999.0,87.0,81.0,7.0,0.002405931575954652,0.0023030582923385446,0.00025396099130133677,BRONX,109361.0,319.0,0.18600000000000003,0.214,0.212,44995.0,0.33799999999999997,35.1,595960.0,330480.0,330700.0,171970.0,1610.0
BX06,2022,30219.0,83.0,79.0,3.0,0.0016556190222413339,0.00153235500571184,0.00019012632121680846,BRONX,87280.0,255.0,0.106,0.095,0.21899999999999997,39783.0,0.414,32.7,585560.0,321250.0,295900.0,155730.0,1590.0
BX06,2023,29440.0,98.0,92.0,6.0,0.0051533888596804805,0.004713506161733267,0.0008002376953989857,BRONX,87280.0,255.0,0.106,0.095,0.21899999999999997,39783.0,0.414,32.7,328650.0,325000.0,320750.0,163290.0,1590.0
BX06,2024,22041.0,40.0,39.0,4.0,0.0012294029860514374,0.001218339570553805,0.00017616663092880598,BRONX,87280.0,255.0,0.106,0.095,0.21899999999999997,39783.0,0.414,32.7,328650.0,325000.0,320750.0,163290.0,1590.0
BX07,2018,31638.0,444.0,412.0,25.0,0.014827523998541998,0.013701642354020821,0.0019164113677034406,BRONX,182874.0,413.0,0.25,0.361,0.131,69963.0,0.213,34.3,558350.0,341250.0,205930.0,221180.0,1410.0
BX07,2019,23658.0,263.0,257.0,16.0,0.010594131082866507,0.01030360532075212,0.0007239703617547545,BRONX,178339.0,403.0,0.266,0.45399999999999996,0.14800000000000002,69579.0,0.22399999999999998,33.9,694550.0,353060.0,289400.0,198030.0,1460.0
BX07,2020,45885.0,440.0,288.0,52.0,0.00705007932849236,0.0052553252434954355,0.0012829994027376633,BRONX,177815.0,402.0,0.267,0.337,0.17,73661.0,0.19,35.6,738640.0,346180.0,313950.0,162320.0,1540.0
BX07,2021,43553.0,167.0,165.0,6.0,0.0029742355480800995,0.002933729926179129,8.636516187977371e-05,BRONX,177815.0,402.0,0.267,0.337,0.17,73661.0,0.19,35.6,560710.0,435130.0,313950.0,146080.0,1440.0
BX07,2022,47585.0,172.0,135.0,16.0,0.004254142222682437,0.002622302135818361,0.0002620836135446382,BRONX,184743.0,417.0,0.237,0.262,0.159,76054.0,0.22699999999999998,39.1,759990.0,380680.0,350400.0,134900.0,1370.0
BX07,2023,49364.0,164.0,163.0,12.0,0.005319704893584558,0.005301856674836789,0.0015907893836911585,BRONX,184743.0,417.0,0.237,0.262,0.159,76054.0,0.22699999999999998,39.1,557500.0,305.0,350400.0,104960.0,1370.0
BX07,2024,36716.0,59.0,58.0,15.0,0.0010953008556935154,0.0010684681842327449,0.0001457367064795076,BRONX,184743.0,417.0,0.237,0.262,0.159,76054.0,0.22699999999999998,39.1,557500.0,305.0,350400.0,104960.0,1370.0
BX08,2018,28920.0,258.0,253.0,26.0,0.009949452800995373,0.00977093214523522,0.0013073110578593961,BRONX,119071.0,128.0,0.127,0.10800000000000001,0.207,48651.0,0.423,29.1,935490.0,388320.0,760630.0,220630.0,1380.0
BX08,2019,28148.0,175.0,171.0,14.0,0.0070069537910140926,0.006874953291312731,0.0004569234532141477,MANHATTAN,110883.0,119.0,0.129,0.136,0.239,48074.0,0.467,31.6,996680.0,429270.0,781370.0,224210.0,1400.0
BX08,2020,38486.0,172.0,130.0,7.0,0.005125864829352663,0.0031952722722001143,0.0002214165835024893,BRONX,124141.0,134.0,0.14,0.166,0.215,52651.0,0.423,30.4,1075530.0,409720.0,697560.0,180790.0,1480.0
BX08,2021,36259.0,66.0,65.0,7.0,0.001657541630687486,0.001634574244376048,0.00020045707728588477,BRONX,124141.0,134.0,0.14,0.166,0.215,52651.0,0.423,30.4,991430.0,481950.0,682990.0,226520.0,1490.0
BX08,2022,38971.0,64.0,64.0,6.0,0.001290778315011764,0.001290778315011764,0.0001772665707254377,BRONX,136930.0,147.0,0.18899999999999997,0.32799999999999996,0.204,58346.0,0.446,33.6,996180.0,427410.0,681600.0,204660.0,1640.0
BX08,2023,39923.0,62.0,62.0,9.0,0.0012982117836400162,0.0012982117836400162,0.00026392153960661874,BRONX,136930.0,147.0,0.18899999999999997,0.32799999999999996,0.204,58346.0,0.446,33.6,855000.0,429170.0,747500.0,148780.0,1640.0
BX08,2024,28704.0,49.0,48.0,2.0,0.0013920588450659305,0.0013428656140545177,0.0001139211665527455,BRONX,136930.0,147.0,0.18899999999999997,0.32799999999999996,0.204,58346.0,0.446,33.6,855000.0,429170.0,747500.0,148780.0,1640.0
BX09,2018,28437.0,429.0,406.0,18.0,0.015369237896730349,0.014464598383003483,0.0006802135987261995,BRONX,124931.0,328.0,0.185,0.253,0.153,46473.0,0.302,32.1,476570.0,263300.0,184160.0,176510.0,1590.0
BX09,2019,24013.0,309.0,286.0,9.0,0.01302032120046776,0.012408559592001756,9.796222050581343e-05,BRONX,125155.0,328.0,0.146,0.19,0.155,47069.0,0.294,32.5,529590.0,280080.0,218780.0,189070.0,1630.0
BX09,2020,37169.0,344.0,326.0,49.0,0.0141163816410318,0.01253566254735699,0.008210894679270091,BRONX,137755.0,362.0,0.188,0.29100000000000004,0.135,53277.0,0.306,38.9,543450.0,314880.0,225920.0,148380.0,1620.0
BX09,2021,38924.0,250.0,243.0,41.0,0.010832304886879262,0.01076951905938817,0.00683883779579354,BRONX,137755.0,362.0,0.188,0.29100000000000004,0.135,53277.0,0.306,38.9,597610.0,330480.0,220320.0,157370.0,1680.0
BX09,2022,41304.0,153.0,148.0,24.0,0.007878166044932095,0.007835222456493507,0.0049813200498132005,BRONX,114874.0,302.0,0.17600000000000002,0.198,0.154,47799.0,0.306,33.5,578810.0,323150.0,207650.0,205570.0,1520.0
BX09,2023,40763.0,189.0,187.0,39.0,0.01020505429193933,0.010175667537237452,0.006066694399773387,BRONX,114874.0,302.0,0.17600000000000002,0.198,0.154,47799.0,0.306,33.5,573500.0,331670.0,205.0,133330.0,1520.0
BX09,2024,32932.0,113.0,112.0,13.0,0.006787506298649873,0.0067684445194233995,0.005117744884552128,BRONX,114874.0,302.0,0.17600000000000002,0.198,0.154,47799.0,0.306,33.5,573500.0,331670.0,205.0,133330.0,1520.0
BX10,2018,5822.0,68.0,68.0,0.0,0.005471769069819182,0.005471769069819182,0.0,BRONX,135799.0,202.0,0.19399999999999998,0.242,0.13699999999999998,49914.0,0.32899999999999996,37.4,583650.0,341250.0,529520.0,222810.0,1660.0
BX10,2019,4415.0,63.0,59.0,0.0,0.008937163973888966,0.008461790290968113,0.0,BRONX,149128.0,221.0,0.171,0.243,0.153,52461.0,0.391,34.7,607730.0,358850.0,485610.0,243090.0,1570.0
BX10,2020,24888.0,163.0,158.0,36.0,0.009405770712647074,0.00831513680951317,0.0067735042735042736,BRONX,134899.0,20.0,0.177,0.272,0.142,51051.0,0.408,32.8,637350.0,386680.0,466630.0,203910.0,1560.0
BX10,2021,9988.0,56.0,56.0,37.0,0.0040678960730152905,0.0040678960730152905,0.0032502708559046588,BRONX,134899.0,20.0,0.177,0.272,0.142,51051.0,0.408,32.8,649940.0,410340.0,509490.0,182550.0,1550.0
BX10,2022,25350.0,130.0,129.0,60.0,0.006020519483007194,0.0060105298722024315,0.005095023755938985,BRONX,153790.0,228.0,0.26,0.341,0.142,60867.0,0.397,39.0,659280.0,378950.0,511330.0,167350.0,1460.0
BX10,2023,28546.0,80.0,77.0,9.0,0.002623249930344642,0.001772186100557408,0.0008716093637578374,BRONX,153790.0,228.0,0.26,0.341,0.142,60867.0,0.397,39.0,605.0,365000.0,450000.0,180000.0,1460.0
BX10,2024,18933.0,59.0,55.0,10.0,0.0011286932845969999,0.0009193349678378665,9.213657783820128e-05,BRONX,153790.0,228.0,0.26,0.341,0.142,60867.0,0.397,39.0,605.0,365000.0,450000.0,180000.0,1460.0
BX11,2018,10443.0,138.0,134.0,10.0,0.009878209589143004,0.009632205009820406,0.0005679306269957278,BRONX,121824.0,,,,,,,,587180.0,325560.0,223580.0,221860.0,
BX11,2019,9637.0,98.0,88.0,7.0,0.007338509510261549,0.007056240935076817,0.00032784409072455996,BRONX,121824.0,,,,,,,,636090.0,347270.0,289400.0,173640.0,
BX11,2020,17813.0,114.0,88.0,37.0,0.015367173595945742,0.006198511717786657,0.010415138263655898,BRONX,121824.0,,,,,,,,658970.0,364200.0,193480.0,192130.0,
BX11,2021,19005.0,97.0,59.0,10.0,0.008173556793427635,0.005278153246558289,0.0032704106327590492,BRONX,121824.0,,,,,,,,666460.0,377290.0,313950.0,173090.0,
BX11,2022,20035.0,38.0,38.0,4.0,0.0018048009250683466,0.0018048009250683466,0.0009302947757563965,BRONX,121824.0,,,,,,,,663950.0,376050.0,311470.0,189710.0,
BX11,2023,21845.0,55.0,53.0,11.0,0.004649104578517531,0.0043973739303111116,0.0027032786595625057,BRONX,121824.0,,,,,,,,650000.0,362500.0,305000.0,139290.0,
BX11,2024,13122.0,26.0,26.0,1.0,0.0013876661131937578,0.0013876661131937578,2.402460119162022e-05,BRONX,121824.0,,,,,,,,650000.0,362500.0,305000.0,139290.0,
BX12,2018,10355.0,129.0,121.0,8.0,0.009558404520983136,0.009194772972701978,0.0005968345989189477,BRONX,160741.0,,,,,,,,476860.0,285350.0,220050.0,192200.0,
BX12,2019,9520.0,117.0,115.0,8.0,0.011441602270085057,0.01133656963119252,0.0011858872031191988,BRONX,160741.0,,,,,,,,532490.0,315440.0,144120.0,132300.0,
BX12,2020,20080.0,158.0,133.0,12.0,0.006839199814087503,0.005956005473715028,0.0027057363987068204,BRONX,160741.0,,,,,,,,567630.0,352820.0,193670.0,153650.0,
BX12,2021,21687.0,148.0,141.0,69.0,0.007689336133298923,0.007039132670028308,0.002390318267457866,BRONX,160741.0,,,,,,,,583840.0,347000.0,195530.0,178320.0,
BX12,2022,20822.0,77.0,64.0,20.0,0.0058674802522351915,0.004135188276067889,0.002306978130216782,BRONX,160741.0,,,,,,,,591790.0,347810.0,353000.0,159440.0,
BX12,2023,232377.0,108.0,81.0,19.0,0.005348080198444343,0.0046512802365658214,0.002571755739520565,BRONX,160741.0,,,,,,,,542800.0,324750.0,236000.0,135860.0,
BX12,2024,18171.0,39.0,38.0,0.0,0.0011895911185720509,0.0011716981898574788,0.0,BRONX,160741.0,,,,,,,,542800.0,324750.0,236000.0,135860.0,
BX26,2020,72.0,0.0,0.0,0.0,0.0,0.0,0.0,BRONX,0.0,0.0,0.0,0.0,0.0,0.0,0.0,0.0,0.0,0.0,0.0,0.0,0.0
BX26,2021,72.0,0.0,0.0,0.0,0.0,0.0,0.0,BRONX,0.0,0.0,0.0,0.0,0.0,0.0,0.0,0.0,0.0,0.0,0.0,0.0,0.0
BX26,2024,72.0,0.0,0.0,0.0,0.0,0.0,0.0,BRONX,0.0,0.0,0.0,0.0,0.0,0.0,0.0,0.0,0.0,0.0,0.0,0.0,0.0
MN01,2018,31724.0,102.0,101.0,2.0,0.004676607236578803,0.004531363954080618,0.00022593399499717582,MANHATTAN,151979.0,526.0,0.066,0.008,0.139,93773.0,0.316,20.7,9413740.0,5001050.0,2206340.0,358650.0,3110.0
MN01,2019,33171.0,68.0,68.0,1.0,0.0020752799947153775,0.0020752799947153775,8.447943770486263e-06,QUEENS,164514.0,569.0,0.061,0.038,0.135,95498.0,0.316,21.8,4644800.0,2228350.0,2401990.0,1063500.0,3230.0
MN01,2020,50517.0,34.0,33.0,0.0,0.00022226890583000475,0.00016157087851589245,0.0,MANHATTAN,146667.0,508.0,0.078,0.036000000000000004,0.17600000000000002,97721.0,0.34600000000000003,27.4,8692590.0,3748750.0,2304700.0,197370.0,3870.0
MN01,2021,58906.0,63.0,43.0,2.0,0.005554562688799237,0.00235945554600702,0.00023547341603246915,QUEENS,146667.0,508.0,0.078,0.036000000000000004,0.17600000000000002,97721.0,0.34600000000000003,27.4,8692590.0,3748750.0,2070990.0,197370.0,3450.0
MN01,2022,61640.0,45.0,45.0,1.0,0.0016690586021316923,0.0016690586021316923,3.6505676632716388e-06,MANHATTAN,149102.0,516.0,0.085,0.053,0.152,90831.0,0.27399999999999997,29.2,8692590.0,3748750.0,1816900.0,163150.0,3500.0
MN01,2023,47847.0,60.0,57.0,3.0,0.0003373037011144393,0.00031913570036505654,5.864005207375594e-05,MANHATTAN,149102.0,516.0,0.085,0.053,0.152,90831.0,0.27399999999999997,29.2,23500000.0,3748750.0,1479870.0,1362540.0,3500.0
MN01,2024,41119.0,34.0,33.0,2.0,0.00022348547152713105,0.00022050917475462727,1.0658173858942934e-05,MANHATTAN,149102.0,516.0,0.085,0.053,0.152,90831.0,0.27399999999999997,29.2,23500000.0,3748750.0,1479870.0,1362540.0,3500.0
MN02,2018,40345.0,211.0,203.0,23.0,0.006632505289050514,0.006541785189970543,0.001397159235462435,MANHATTAN,155408.0,891.0,0.3,0.49700000000000005,0.18,78183.0,0.113,30.6,15179650.0,4630580.0,3706660.0,886460.0,1340.0
MN02,2019,37673.0,140.0,130.0,5.0,0.004186256245723236,0.003426346114314404,0.0001264257385147486,MANHATTAN,167128.0,958.0,0.24,0.35700000000000004,0.222,83942.0,0.10800000000000001,30.9,12154620.0,2623860.0,3050230.0,782500.0,1210.0
MN02,2020,60938.0,177.0,145.0,20.0,0.004193453595058207,0.0033598165936580483,0.0009090158598565551,MANHATTAN,141066.0,808.0,0.242,0.322,0.188,78468.0,0.155,30.1,10271570.0,4211060.0,3370510.0,294050.0,1200.0
MN02,2021,97239.0,121.0,105.0,10.0,0.0031548563676002963,0.0017200609176968498,0.00015277853656759906,MANHATTAN,141066.0,808.0,0.242,0.322,0.188,78468.0,0.155,30.1,10850660.0,2895120.0,2611300.0,728270.0,1300.0
MN02,2022,60590.0,125.0,121.0,25.0,0.002172617995608973,0.0020996547892209506,0.00045876167932819246,MANHATTAN,141787.0,813.0,0.26,0.349,0.21899999999999997,81731.0,0.158,29.9,8565410.0,3538640.0,3036830.0,703690.0,1360.0
MN02,2023,64517.0,110.0,95.0,11.0,0.0027979994531308968,0.002396053480213739,0.0006837808863359906,MANHATTAN,141787.0,813.0,0.26,0.349,0.21899999999999997,81731.0,0.158,29.9,11400000.0,2900000.0,2730000.0,491390.0,1360.0
MN02,2024,50090.0,58.0,55.0,3.0,0.0013647527033908671,0.00128083192460604,8.392077878482712e-05,MANHATTAN,141787.0,813.0,0.26,0.349,0.21899999999999997,81731.0,0.158,29.9,11400000.0,2900000.0,2730000.0,491390.0,1360.0
MN03,2018,40637.0,315.0,305.0,16.0,0.007668220486766795,0.007400469104427772,0.0009866523015815921,MANHATTAN,165452.0,537.0,0.111,0.085,0.141,111306.0,0.264,25.8,5700970.0,1338520.0,1869180.0,667920.0,2460.0
MN03,2019,33918.0,329.0,249.0,16.0,0.009996755967891536,0.00782320554127091,0.0012265623442004538,MANHATTAN,167290.0,543.0,0.111,0.094,0.16399999999999998,111154.0,0.228,23.5,8855510.0,1056290.0,1758370.0,549850.0,2320.0
MN03,2020,69453.0,279.0,244.0,8.0,0.004077241268106515,0.0031981079217170663,0.0004748157515164688,MANHATTAN,151924.0,493.0,0.153,0.215,0.152,115616.0,0.212,30.6,8261920.0,1597310.0,1671910.0,371790.0,3350.0
MN03,2021,75058.0,182.0,168.0,23.0,0.0034082794336302087,0.0029811380256885857,0.0008765111370238506,MANHATTAN,151924.0,493.0,0.153,0.215,0.152,115616.0,0.212,30.6,8261920.0,1597310.0,1810330.0,516200.0,2640.0
MN03,2022,76921.0,377.0,313.0,20.0,0.004010616449070465,0.003008995543671045,0.0005166693234653024,MANHATTAN,112582.0,365.0,0.154,0.182,0.158,80316.0,0.17800000000000002,27.4,414250.0,2188070.0,1618150.0,423080.0,2430.0
MN03,2023,78598.0,194.0,155.0,8.0,0.0027182081679378153,0.0022132064678191104,0.00013554727211114877,MANHATTAN,112582.0,365.0,0.154,0.182,0.158,80316.0,0.17800000000000002,27.4,6500000.0,1216670.0,1448060.0,319170.0,2430.0
MN03,2024,61108.0,177.0,153.0,10.0,0.003369082867147479,0.0027626757948389755,0.00020515735428470335,MANHATTAN,112582.0,365.0,0.154,0.182,0.158,80316.0,0.17800000000000002,27.4,6500000.0,1216670.0,1448060.0,319170.0,2430.0
MN04,2018,52852.0,414.0,392.0,26.0,0.012484707419649544,0.011411816135868148,0.000623122683858947,MANHATTAN,143582.0,886.0,0.079,0.042,0.19399999999999998,95084.0,0.342,25.7,7148560.0,1948940.0,1821400.0,401550.0,2880.0
MN04,2019,52915.0,361.0,352.0,22.0,0.010030852511586289,0.009723027254066312,0.0010504679023462429,MANHATTAN,148482.0,916.0,0.065,0.0,0.158,95811.0,0.327,22.4,2803550.0,2387520.0,2430920.0,622200.0,3220.0
MN04,2020,85386.0,413.0,369.0,38.0,0.005283381398407672,0.0037082142829017346,0.0008951481996053436,MANHATTAN,144396.0,891.0,0.085,0.005,0.18899999999999997,102750.0,0.305,29.3,7682340.0,2067430.0,1695800.0,525290.0,3290.0
MN04,2021,92177.0,318.0,306.0,25.0,0.004105094227879629,0.003547525412875592,0.0007004565491622407,MANHATTAN,144396.0,891.0,0.085,0.005,0.18899999999999997,102750.0,0.305,29.3,13769870.0,2496940.0,1866640.0,443940.0,2650.0
MN04,2022,98209.0,306.0,281.0,32.0,0.004292098997728173,0.003516074023808761,0.0007947340958347939,MANHATTAN,183089.0,1129.0,0.09,0.017,0.185,133255.0,0.312,27.7,7005990.0,1643000.0,1874010.0,403960.0,3170.0
MN04,2023,93064.0,275.0,259.0,18.0,0.004909953875453325,0.004556351964389468,0.0009469481880375783,MANHATTAN,183089.0,1129.0,0.09,0.017,0.185,133255.0,0.312,27.7,2445390.0,3145830.0,1600000.0,335000.0,3170.0
MN04,2024,71750.0,203.0,190.0,19.0,0.003975379738858686,0.003154192652129384,0.000538040721654064,MANHATTAN,183089.0,1129.0,0.09,0.017,0.185,133255.0,0.312,27.7,2445390.0,3145830.0,1600000.0,335000.0,3170.0
MN05,2018,33650.0,175.0,174.0,2.0,0.0028028714590298555,0.0027923947696636953,7.185414773212774e-05,MANHATTAN,191222.0,645.0,0.085,0.052000000000000005,0.22,115083.0,0.375,23.4,6644680.0,1946680.0,2396380.0,1079520.0,2620.0
MN05,2019,29425.0,118.0,118.0,4.0,0.0016330830221699707,0.0016330830221699707,9.543700238759826e-05,MANHATTAN,179682.0,606.0,0.087,0.09300000000000001,0.213,118000.0,0.35100000000000003,20.5,6644680.0,1946680.0,2451760.0,1155230.0,2300.0
MN05,2020,57273.0,95.0,94.0,6.0,0.0024581353135159313,0.002452791606265589,4.721042815247513e-05,MANHATTAN,197826.0,668.0,0.10400000000000001,0.07,0.25,124080.0,0.371,28.9,6644680.0,1946680.0,2162440.0,1247430.0,3050.0
MN05,2021,56986.0,103.0,103.0,30.0,0.0035321416483775968,0.0035321416483775968,0.0029738098309895493,MANHATTAN,197826.0,668.0,0.10400000000000001,0.07,0.25,124080.0,0.371,28.9,6644680.0,1946680.0,2039040.0,970810.0,2480.0
MN05,2022,67116.0,158.0,143.0,15.0,0.004250942164102495,0.0041570280026092575,0.0027040902047560326,MANHATTAN,226989.0,766.0,0.105,0.09,0.21899999999999997,131382.0,0.35600000000000004,24.5,6644680.0,1946680.0,2220080.0,611420.0,2650.0
MN05,2023,66726.0,144.0,119.0,14.0,0.0037055313364595358,0.0035023909508240655,0.002635468592024483,MANHATTAN,226989.0,766.0,0.105,0.09,0.21899999999999997,131382.0,0.35600000000000004,24.5,6644680.0,1946680.0,2167260.0,500880.0,2650.0
MN05,2024,45324.0,56.0,51.0,0.0,0.0006321425519894806,0.0005621292494620004,0.0,MANHATTAN,226989.0,766.0,0.105,0.09,0.21899999999999997,131382.0,0.35600000000000004,24.5,6644680.0,1946680.0,2167260.0,500880.0,2650.0
MN06,2018,87762.0,346.0,339.0,18.0,0.006054645916928904,0.006029885797549542,0.00014832746982602595,MANHATTAN,204469.0,1028.0,0.054000000000000006,0.023,0.215,141685.0,0.33,26.0,8237020.0,2272530.0,1423830.0,740120.0,2710.0
MN06,2019,78200.0,214.0,202.0,3.0,0.0030210744438953787,0.0028771805500014845,2.1554906313980567e-05,MANHATTAN,216874.0,1091.0,0.057999999999999996,0.028999999999999998,0.214,132933.0,0.35700000000000004,24.3,7524290.0,1659200.0,1446980.0,733910.0,2730.0
MN06,2020,105265.0,170.0,165.0,8.0,0.001975023239572315,0.00174490332276909,0.00014740798445690733,MANHATTAN,207429.0,1043.0,0.1,0.08199999999999999,0.209,140363.0,0.37200000000000005,27.9,10243110.0,3304540.0,1234860.0,607830.0,2860.0
MN06,2021,107634.0,127.0,99.0,21.0,0.0028651895309527867,0.0027266570937055697,0.0011621137807885386,MANHATTAN,207429.0,1043.0,0.1,0.08199999999999999,0.209,140363.0,0.37200000000000005,27.9,5958500.0,2037970.0,1263210.0,440640.0,2740.0
MN06,2022,115058.0,184.0,171.0,33.0,0.002100188459639547,0.0020152229989101444,0.001107131256548754,MANHATTAN,206975.0,1041.0,0.071,0.085,0.22899999999999998,139718.0,0.39399999999999996,25.7,5191150.0,2036310.0,1334130.0,367760.0,2710.0
MN06,2023,114051.0,183.0,151.0,9.0,0.0016225618505498105,0.0014511981213294587,5.352607201553862e-05,MANHATTAN,206975.0,1041.0,0.071,0.085,0.22899999999999998,139718.0,0.39399999999999996,25.7,6450000.0,1718750.0,1250000.0,371110.0,2710.0
MN06,2024,86958.0,86.0,79.0,0.0,0.0011109764954531538,0.0008058971671690603,0.0,MANHATTAN,206975.0,1041.0,0.071,0.085,0.22899999999999998,139718.0,0.39399999999999996,25.7,6450000.0,1718750.0,1250000.0,371110.0,2710.0
MN07,2018,101225.0,692.0,668.0,36.0,0.008888811416335296,0.00833971317457309,0.00029731562081440605,MANHATTAN,145440.0,863.0,0.2,0.188,0.13,53497.0,0.16699999999999998,32.0,14182380.0,2562790.0,1899860.0,604200.0,1790.0
MN07,2019,86490.0,483.0,407.0,22.0,0.0060611667080047215,0.005131144638515934,0.00035557676919322964,MANHATTAN,132837.0,788.0,0.196,0.155,0.14,54000.0,0.153,28.3,7524290.0,2054710.0,1776890.0,612800.0,1740.0
MN07,2020,132352.0,649.0,427.0,21.0,0.004044668047752542,0.003259807242050484,0.00012060061553794576,MANHATTAN,118426.0,703.0,0.253,0.41600000000000004,0.14800000000000002,53619.0,0.175,31.9,8693400.0,2155320.0,2185200.0,515710.0,1700.0
MN07,2021,130644.0,462.0,315.0,38.0,0.004045911231823515,0.003310533635418596,0.0007751070921022098,MANHATTAN,118426.0,703.0,0.253,0.41600000000000004,0.14800000000000002,53619.0,0.175,31.9,6940020.0,2395960.0,1498160.0,430540.0,1600.0
MN07,2022,130135.0,695.0,690.0,49.0,0.0028203862834123117,0.0027695554659994772,0.00022000446073962193,MANHATTAN,105801.0,628.0,0.242,0.326,0.16699999999999998,48621.0,0.149,30.4,7566110.0,2227790.0,1920730.0,500300.0,1640.0
MN07,2023,134937.0,438.0,418.0,10.0,0.002700854494362275,0.0024342135826293018,0.00010269624412295345,MANHATTAN,105801.0,628.0,0.242,0.326,0.16699999999999998,48621.0,0.149,30.4,7725000.0,2218750.0,1625000.0,340000.0,1640.0
MN07,2024,106976.0,295.0,269.0,9.0,0.0026598509862279466,0.0024656422613639783,7.05932660097685e-05,MANHATTAN,105801.0,628.0,0.242,0.326,0.16699999999999998,48621.0,0.149,30.4,7725000.0,2218750.0,1625000.0,340000.0,1640.0
MN08,2018,108789.0,532.0,523.0,62.0,0.005480873022499412,0.005240675244587923,0.0005794807641106182,MANHATTAN,146309.0,1023.0,0.251,0.307,0.11,62494.0,0.094,29.8,10884630.0,2642900.0,1926870.0,791690.0,1340.0
MN08,2019,108713.0,397.0,387.0,34.0,0.004516706939675563,0.004298237883143479,0.0006519269306742402,MANHATTAN,136351.0,954.0,0.201,0.264,0.11900000000000001,63719.0,0.14,28.6,11271970.0,4586920.0,1709130.0,756880.0,1440.0
MN08,2020,146070.0,294.0,282.0,55.0,0.002780585672405715,0.0026190802901131234,0.0010151027247302946,MANHATTAN,128792.0,901.0,0.284,0.355,0.136,64827.0,0.155,34.5,9218800.0,3658070.0,1525090.0,379370.0,1570.0
MN08,2021,153246.0,329.0,206.0,63.0,0.002290149607889312,0.001361799952375835,0.00033208196775380057,MANHATTAN,128792.0,901.0,0.284,0.355,0.136,64827.0,0.155,34.5,6675630.0,4323740.0,1613830.0,457850.0,1350.0
MN08,2022,153982.0,510.0,165.0,11.0,0.002207590138454134,0.001638474737491823,0.0003031952797975359,MANHATTAN,138953.0,972.0,0.282,0.268,0.122,69281.0,0.134,29.7,8202020.0,3763590.0,1713080.0,520560.0,1300.0
MN08,2023,145519.0,192.0,171.0,8.0,0.002218967426259228,0.0018760005835063542,7.038801967734492e-05,MANHATTAN,138953.0,972.0,0.282,0.268,0.122,69281.0,0.134,29.7,6671000.0,2650000.0,1750000.0,378680.0,1300.0
MN08,2024,122542.0,275.0,269.0,154.0,0.0022732244457983556,0.0022144859727918184,0.0011265343979870726,MANHATTAN,138953.0,972.0,0.282,0.268,0.122,69281.0,0.134,29.7,6671000.0,2650000.0,1750000.0,378680.0,1300.0
MN09,2018,22359.0,447.0,420.0,34.0,0.019656146377465683,0.019011044753198925,0.0017399544613962627,MANHATTAN,110800.0,477.0,0.311,0.40399999999999997,0.13,56081.0,0.076,32.2,1956290.0,1000210.0,701910.0,373300.0,1210.0
MN09,2019,18632.0,277.0,240.0,36.0,0.015042419846574015,0.012032329849957613,0.0015480125898732703,MANHATTAN,111452.0,48.0,0.34,0.42,0.134,56147.0,0.055,31.6,3328050.0,964650.0,815740.0,337920.0,1040.0
MN09,2020,43318.0,360.0,357.0,17.0,0.008830169731002842,0.008588140912432582,0.00044328612885161236,MANHATTAN,123582.0,532.0,0.312,0.452,0.155,56589.0,0.11199999999999999,33.5,2145360.0,957450.0,871520.0,177830.0,1460.0
MN09,2021,40835.0,190.0,179.0,20.0,0.004650989213078246,0.004413271940803604,0.00048384874692443023,MANHATTAN,123582.0,532.0,0.312,0.452,0.155,56589.0,0.11199999999999999,33.5,3470010.0,812420.0,1451340.0,59800.0,1260.0
MN09,2022,45114.0,201.0,164.0,9.0,0.004274378293112682,0.003474096576177257,0.00035470425831028984,MANHATTAN,128317.0,553.0,0.382,0.5539999999999999,0.13,61073.0,0.078,33.5,2529390.0,735410.0,1033040.0,158170.0,1200.0
MN09,2023,43118.0,153.0,151.0,11.0,0.003897198058501242,0.0038388890206003676,0.0002669473788278453,MANHATTAN,128317.0,553.0,0.382,0.5539999999999999,0.13,61073.0,0.078,33.5,705.0,718750.0,970000.0,157540.0,1200.0
MN09,2024,35451.0,119.0,117.0,4.0,0.00441705725537429,0.004331388228768399,0.00023314395969557293,MANHATTAN,128317.0,553.0,0.382,0.5539999999999999,0.13,61073.0,0.078,33.5,705.0,718750.0,970000.0,157540.0,1200.0
MN10,2018,28106.0,693.0,627.0,48.0,0.026344011093271016,0.023266453322929828,0.0009286356551717366,MANHATTAN,214040.0,73.0,0.184,0.276,0.155,79096.0,0.107,31.0,2809410.0,848220.0,1042570.0,400080.0,1630.0
MN10,2019,28292.0,573.0,548.0,49.0,0.018644622293665,0.01776161199498307,0.0019326895642934948,MANHATTAN,204096.0,696.0,0.155,0.174,0.156,81726.0,0.105,30.1,2581410.0,969480.0,1079450.0,286270.0,1520.0
MN10,2020,49450.0,569.0,544.0,48.0,0.010333001458176732,0.009253361219663261,0.0016564236307493624,MANHATTAN,216768.0,74.0,0.21,0.281,0.18,82576.0,0.12,32.6,2560780.0,1011030.0,1008380.0,152940.0,1650.0
MN10,2021,47227.0,357.0,332.0,35.0,0.00659244046822184,0.005731418948726349,0.0009584634079370563,MANHATTAN,216768.0,74.0,0.21,0.281,0.18,82576.0,0.12,32.6,3139530.0,936350.0,1020070.0,174880.0,1540.0
MN10,2022,47734.0,282.0,269.0,53.0,0.006034664541696778,0.005867635184562808,0.001121250945734372,MANHATTAN,202678.0,692.0,0.201,0.22699999999999998,0.196,87031.0,0.13699999999999998,34.1,2343810.0,865190.0,978810.0,175990.0,1630.0
MN10,2023,46983.0,288.0,242.0,48.0,0.006365928282816697,0.005586834540407737,0.0018299074447867764,MANHATTAN,202678.0,692.0,0.201,0.22699999999999998,0.196,87031.0,0.13699999999999998,34.1,2750000.0,601670.0,807500.0,146430.0,1630.0
MN10,2024,35066.0,166.0,158.0,36.0,0.005121971672895711,0.005036368310513556,0.002195098361860499,MANHATTAN,202678.0,692.0,0.201,0.22699999999999998,0.196,87031.0,0.13699999999999998,34.1,2750000.0,601670.0,807500.0,146430.0,1630.0
MN11,2018,23238.0,453.0,298.0,51.0,0.017096387950618006,0.016278854608954788,0.002879136582054851,MANHATTAN,125771.0,,,,,,,,4118510.0,776630.0,878270.0,288830.0,
MN11,2019,19927.0,250.0,200.0,35.0,0.018915853885783505,0.01678216581331495,0.005439745950379435,MANHATTAN,125771.0,,,,,,,,1794250.0,827190.0,950040.0,281330.0,
MN11,2020,44039.0,274.0,266.0,36.0,0.00718798238534309,0.006962677687561329,0.0016304257174509212,MANHATTAN,125771.0,,,,,,,,3248050.0,723660.0,830830.0,113810.0,
MN11,2021,42214.0,196.0,192.0,22.0,0.005908988661179712,0.005760568458612077,0.0013268497840621264,MANHATTAN,125771.0,,,,,,,,3248050.0,716030.0,784880.0,139380.0,
MN11,2022,43743.0,139.0,132.0,31.0,0.0035166186341439296,0.0032989887987791367,0.0013158313619559341,MANHATTAN,125771.0,,,,,,,,3248050.0,625490.0,842940.0,210030.0,
MN11,2023,52463.0,158.0,149.0,23.0,0.0037340195403441885,0.003567764704392837,0.0011774303010546447,MANHATTAN,125771.0,,,,,,,,2500000.0,487500.0,677000.0,97500.0,
MN11,2024,35200.0,132.0,130.0,8.0,0.005429838441959664,0.005393805247332934,0.0002348628474046909,MANHATTAN,125771.0,,,,,,,,2500000.0,487500.0,677000.0,97500.0,
MN12,2018,46557.0,897.0,844.0,106.0,0.0214558556244194,0.020629779951718864,0.002391693666410069,MANHATTAN,180206.0,,,,,,,,2368140.0,911960.0,640990.0,264270.0,
MN12,2019,44310.0,607.0,578.0,50.0,0.01534543782384851,0.014414406421183159,0.0012375069418123935,MANHATTAN,180206.0,,,,,,,,2753970.0,874650.0,705550.0,206990.0,
MN12,2020,71439.0,533.0,428.0,36.0,0.007785366492935736,0.006302390092255889,0.0004523281686164957,MANHATTAN,180206.0,,,,,,,,2753970.0,897320.0,612310.0,180500.0,
MN12,2021,72867.0,247.0,242.0,13.0,0.00322924305141532,0.003147187792946775,9.333168408727865e-05,MANHATTAN,180206.0,,,,,,,,2753970.0,881270.0,594630.0,184190.0,
MN12,2022,73466.0,243.0,229.0,11.0,0.003976211035515265,0.0038348353603952644,0.00018910676204980848,MANHATTAN,180206.0,,,,,,,,1254960.0,610740.0,622940.0,205110.0,
MN12,2023,75772.0,202.0,195.0,13.0,0.0027259605906961755,0.002630756547017881,0.00021453843811584963,MANHATTAN,180206.0,,,,,,,,106.0,675000.0,550000.0,125500.0,
MN12,2024,61801.0,206.0,199.0,3.0,0.0035436950601755953,0.003469103417073237,4.497270701528056e-05,MANHATTAN,180206.0,,,,,,,,106.0,675000.0,550000.0,125500.0,
QN01,2018,35930.0,305.0,294.0,23.0,0.009050281717482102,0.008237802243463224,0.001039065343940519,QUEENS,160871.0,312.0,0.139,0.20600000000000002,0.133,88625.0,0.20199999999999999,28.3,1037280.0,632490.0,682500.0,359320.0,2000.0
QN01,2019,24543.0,202.0,191.0,23.0,0.006004734661826054,0.005879535903104303,0.0005060005056232842,QUEENS,166069.0,322.0,0.11599999999999999,0.171,0.13699999999999998,90017.0,0.18899999999999997,27.3,1078000.0,664160.0,716540.0,331000.0,2060.0
QN01,2020,51493.0,298.0,278.0,98.0,0.007923693213410257,0.007126092032998508,0.004319530862237811,QUEENS,156981.0,305.0,0.14,0.188,0.139,95762.0,0.18899999999999997,27.8,1024310.0,643420.0,689440.0,330400.0,2200.0
QN01,2021,51478.0,232.0,222.0,39.0,0.004430403173943823,0.004155209065691927,0.0023315257140038037,QUEENS,156981.0,305.0,0.14,0.188,0.139,95762.0,0.18899999999999997,27.8,1068540.0,605870.0,660950.0,290090.0,1970.0
QN01,2022,56691.0,194.0,181.0,41.0,0.004375565680594176,0.0034945714846236916,0.0019104403620124636,QUEENS,177115.0,344.0,0.161,0.18600000000000003,0.139,101045.0,0.188,28.2,1033040.0,596980.0,648010.0,268210.0,2020.0
QN01,2023,59322.0,156.0,146.0,38.0,0.003744868734641046,0.00344642657700869,0.0019327918712637923,QUEENS,177115.0,344.0,0.161,0.18600000000000003,0.139,101045.0,0.188,28.2,1025000.0,536670.0,717000.0,229170.0,2020.0
QN01,2024,49502.0,98.0,85.0,12.0,0.0031368121291103306,0.0022420049656793955,0.0008595469073410249,QUEENS,177115.0,344.0,0.161,0.18600000000000003,0.139,101045.0,0.188,28.2,1025000.0,536670.0,717000.0,229170.0,2020.0
QN02,2018,28870.0,463.0,458.0,54.0,0.013170773349043947,0.012962440015710614,0.0014638015774074337,QUEENS,137490.0,23.0,0.078,0.08900000000000001,0.126,62542.0,0.307,30.1,881130.0,586590.0,958790.0,337670.0,2030.0
QN02,2019,29247.0,324.0,293.0,29.0,0.01784402142051599,0.012990663277684165,0.0011213897784151806,QUEENS,136058.0,227.0,0.092,0.076,0.133,64250.0,0.267,28.0,966580.0,571460.0,1041820.0,347270.0,2110.0
QN02,2020,65599.0,406.0,401.0,41.0,0.007829219179987176,0.0071823780983634854,0.002650969955834823,QUEENS,149487.0,25.0,0.08900000000000001,0.06,0.131,72484.0,0.253,28.5,1012930.0,579450.0,1011810.0,220800.0,2150.0
QN02,2021,85637.0,392.0,392.0,61.0,0.005774883159975672,0.005774883159975672,0.00213105104699537,QUEENS,149487.0,25.0,0.08900000000000001,0.06,0.131,72484.0,0.253,28.5,958380.0,549420.0,1110360.0,257040.0,2020.0
QN02,2022,72596.0,273.0,267.0,67.0,0.009323596887389964,0.009145312087394636,0.0061066442033991955,QUEENS,125926.0,21.0,0.115,0.096,0.102,64029.0,0.233,28.4,933890.0,524310.0,1033040.0,240710.0,2050.0
QN02,2023,78480.0,194.0,181.0,23.0,0.00464446649224533,0.0040731095643186934,0.0015748091835104633,QUEENS,125926.0,21.0,0.115,0.096,0.102,64029.0,0.233,28.4,899000.0,499500.0,1095000.0,199170.0,2050.0
QN02,2024,59079.0,90.0,84.0,12.0,0.002927282619000932,0.0025782720893860276,0.0010221900983412822,QUEENS,125926.0,21.0,0.115,0.096,0.102,64029.0,0.233,28.4,899000.0,499500.0,1095000.0,199170.0,2050.0
QN03,2018,18721.0,343.0,326.0,39.0,0.016158571418969477,0.014206299382404678,0.0021326220522838234,QUEENS,181787.0,434.0,0.134,0.195,0.114,65316.0,0.361,35.4,847240.0,500100.0,563650.0,322890.0,1890.0
QN03,2019,15747.0,233.0,213.0,24.0,0.012013874449773232,0.00942661294856892,0.0009245763066056464,QUEENS,175275.0,419.0,0.15,0.282,0.14800000000000002,65006.0,0.345,33.8,891340.0,506440.0,553660.0,318340.0,1910.0
QN03,2020,28253.0,201.0,185.0,30.0,0.009382839149663926,0.008338378461826237,0.004674526508587643,QUEENS,153743.0,367.0,0.13699999999999998,0.18100000000000002,0.149,60698.0,0.389,35.5,849610.0,515480.0,565650.0,156790.0,1840.0
QN03,2021,30799.0,130.0,126.0,33.0,0.00787850216868118,0.007630531434994515,0.00490258831220842,QUEENS,153743.0,367.0,0.13699999999999998,0.18100000000000002,0.149,60698.0,0.389,35.5,915700.0,501220.0,528760.0,238680.0,1850.0
QN03,2022,35644.0,148.0,135.0,39.0,0.008990997574868164,0.008252680815745069,0.005968711189769415,QUEENS,162686.0,389.0,0.156,0.242,0.145,59315.0,0.36200000000000004,32.2,895990.0,499650.0,518080.0,536650.0,1910.0
QN03,2023,34402.0,121.0,110.0,25.0,0.00658145849373623,0.005965792320326115,0.003861889407492013,QUEENS,162686.0,389.0,0.156,0.242,0.145,59315.0,0.36200000000000004,32.2,810600.0,475000.0,464000.0,235000.0,1910.0
QN03,2024,18839.0,76.0,72.0,5.0,0.0037435411704922366,0.0036020017037315306,0.0001650512712459615,QUEENS,162686.0,389.0,0.156,0.242,0.145,59315.0,0.36200000000000004,32.2,810600.0,475000.0,464000.0,235000.0,1910.0
QN04,2018,21393.0,636.0,615.0,48.0,0.02459152186430971,0.02179426811254211,0.0038517391783693443,QUEENS,150131.0,416.0,0.129,0.17300000000000001,0.113,48857.0,0.24,37.1,941370.0,505990.0,540110.0,270640.0,1870.0
QN04,2019,18816.0,534.0,527.0,111.0,0.012089601332897288,0.011789777035708535,0.0024205109536163173,QUEENS,156074.0,433.0,0.102,0.146,0.121,48372.0,0.23600000000000002,31.5,949220.0,503550.0,554820.0,267790.0,1890.0
QN04,2020,31463.0,392.0,371.0,97.0,0.01386343061589203,0.011634247935574544,0.008287221017263785,QUEENS,137364.0,381.0,0.146,0.171,0.154,48614.0,0.248,35.2,1007240.0,512160.0,614210.0,278840.0,1920.0
QN04,2021,33477.0,247.0,237.0,54.0,0.008380672053576815,0.0073774042806279225,0.004323872116765919,QUEENS,137364.0,381.0,0.146,0.171,0.154,48614.0,0.248,35.2,936350.0,514080.0,523260.0,236050.0,1870.0
QN04,2022,34546.0,309.0,209.0,67.0,0.011092313869688833,0.008487590905736895,0.007440338373339921,QUEENS,160534.0,445.0,0.179,0.292,0.154,56790.0,0.257,35.5,903260.0,512190.0,598310.0,199180.0,1830.0
QN04,2023,34679.0,194.0,162.0,41.0,0.008965186297914877,0.006393169837009528,0.004579131871256208,QUEENS,160534.0,445.0,0.179,0.292,0.154,56790.0,0.257,35.5,878000.0,466670.0,429000.0,295990.0,1830.0
QN04,2024,22817.0,101.0,96.0,10.0,0.005172855734535737,0.005078800053572607,0.002292222077783801,QUEENS,160534.0,445.0,0.179,0.292,0.154,56790.0,0.257,35.5,878000.0,466670.0,429000.0,295990.0,1830.0
QN05,2018,6111.0,62.0,60.0,7.0,0.008597389286912813,0.008290606600612054,0.0015618027666220438,QUEENS,186441.0,254.0,0.098,0.121,0.13,69027.0,0.39,29.3,835470.0,491280.0,550120.0,280450.0,1850.0
QN05,2019,6390.0,54.0,53.0,3.0,0.007486615625908594,0.007409168290096946,0.0006815365551425032,QUEENS,165895.0,226.0,0.084,0.098,0.141,64322.0,0.40700000000000003,29.4,843880.0,487920.0,566060.0,282160.0,1930.0
QN05,2020,20083.0,147.0,135.0,61.0,0.007618353030409524,0.006650545369447829,0.003949455699150076,QUEENS,168184.0,229.0,0.139,0.21899999999999997,0.146,68588.0,0.39799999999999996,33.0,842210.0,483700.0,568950.0,250390.0,1960.0
QN05,2021,21420.0,81.0,67.0,28.0,0.004711787968548764,0.00366982528975744,0.001730684222159073,QUEENS,168184.0,229.0,0.139,0.21899999999999997,0.146,68588.0,0.39799999999999996,33.0,848220.0,484700.0,545290.0,233170.0,1930.0
QN05,2022,22200.0,111.0,108.0,75.0,0.00597484670848942,0.005684931131905321,0.0045458762408386675,QUEENS,175992.0,24.0,0.113,0.145,0.163,72203.0,0.387,27.9,844080.0,477590.0,518700.0,219540.0,1900.0
QN05,2023,24164.0,70.0,47.0,22.0,0.003259534877363535,0.001901174788452693,0.0010702231003539967,QUEENS,175992.0,24.0,0.113,0.145,0.163,72203.0,0.387,27.9,792000.0,453250.0,499000.0,192250.0,1900.0
QN05,2024,11670.0,23.0,23.0,1.0,0.0019741285838710252,0.0019741285838710252,9.33184023889511e-05,QUEENS,175992.0,24.0,0.113,0.145,0.163,72203.0,0.387,27.9,792000.0,453250.0,499000.0,192250.0,1900.0
QN06,2018,36878.0,149.0,145.0,9.0,0.003822713352487042,0.00372114566626038,0.0002658136331705908,QUEENS,118105.0,421.0,0.081,0.109,0.23,56937.0,0.52,29.3,1186450.0,500100.0,694810.0,12600.0,2070.0
QN06,2019,33003.0,91.0,90.0,0.0,0.00414596314778728,0.004123440625264757,0.0,QUEENS,105586.0,377.0,0.111,0.09300000000000001,0.19,53881.0,0.51,27.4,1099700.0,622200.0,801900.0,376210.0,2060.0
QN06,2020,43706.0,89.0,88.0,1.0,0.001245459835245938,0.0012362262249042944,1.3066429728740919e-05,QUEENS,126028.0,45.0,0.086,0.037000000000000005,0.22399999999999998,58689.0,0.479,28.1,1135850.0,568490.0,654420.0,262680.0,2120.0
QN06,2021,49853.0,84.0,82.0,5.0,0.002299259795590464,0.002269016417405121,0.0013434089186311947,QUEENS,126028.0,45.0,0.086,0.037000000000000005,0.22399999999999998,58689.0,0.479,28.1,1099390.0,484700.0,605870.0,360140.0,2020.0
QN06,2022,44397.0,123.0,67.0,3.0,0.00251459402301091,0.0011881070739308928,3.211205458264143e-05,QUEENS,128592.0,459.0,0.106,0.114,0.212,58588.0,0.447,33.8,1107270.0,515650.0,558190.0,276320.0,1900.0
QN06,2023,47404.0,88.0,87.0,12.0,0.0009316377770328128,0.000921261103794253,7.856475401617221e-05,QUEENS,128592.0,459.0,0.106,0.114,0.212,58588.0,0.447,33.8,1086000.0,518330.0,565000.0,159240.0,1900.0
QN06,2024,37737.0,72.0,67.0,2.0,0.0013389694809957697,0.0011941170194632114,2.7663183782592358e-05,QUEENS,128592.0,459.0,0.106,0.114,0.212,58588.0,0.447,33.8,1086000.0,518330.0,565000.0,159240.0,1900.0
QN07,2018,32593.0,309.0,291.0,33.0,0.009185588919734646,0.008857948183467385,0.0005349990707869248,QUEENS,239000.0,203.0,0.14300000000000002,0.15,0.214,93313.0,0.47100000000000003,42.6,1058460.0,588360.0,802330.0,365160.0,1790.0
QN07,2019,28758.0,223.0,190.0,18.0,0.006384050575075965,0.004100868674281612,0.0006721058356007108,QUEENS,239869.0,204.0,0.14800000000000002,0.18100000000000002,0.217,98172.0,0.441,39.4,1041820.0,616410.0,729280.0,266970.0,1810.0
QN07,2020,61098.0,304.0,276.0,67.0,0.006884056677938279,0.006021459714953326,0.0045778896990284965,QUEENS,242765.0,206.0,0.171,0.217,0.24,98610.0,0.522,39.5,1024310.0,601310.0,764870.0,261630.0,1890.0
QN07,2021,66793.0,285.0,276.0,96.0,0.0065810086708228,0.0065011108780719945,0.004202892509112977,QUEENS,242765.0,206.0,0.171,0.217,0.24,98610.0,0.522,39.5,1035490.0,636050.0,662200.0,261630.0,1830.0
QN07,2022,70026.0,173.0,156.0,50.0,0.008549306006754584,0.0069357384353112735,0.005138797621047133,QUEENS,246851.0,21.0,0.159,0.198,0.26,101672.0,0.49700000000000005,34.9,1027850.0,622940.0,629020.0,221490.0,1730.0
QN07,2023,75202.0,252.0,250.0,38.0,0.006277915650725753,0.006204182931831744,0.004022265568127187,QUEENS,246851.0,21.0,0.159,0.198,0.26,101672.0,0.49700000000000005,34.9,962500.0,574500.0,675000.0,222500.0,1730.0
QN07,2024,56861.0,64.0,62.0,3.0,0.0008077505678733831,0.0007950528212862667,2.5608194622279128e-05,QUEENS,246851.0,21.0,0.159,0.198,0.26,101672.0,0.49700000000000005,34.9,962500.0,574500.0,675000.0,222500.0,1730.0
QN08,2018,22117.0,219.0,211.0,24.0,0.00842355004667812,0.008290067700777726,0.0009883384812585474,QUEENS,164615.0,221.0,0.13,0.159,0.154,58181.0,0.48200000000000004,34.0,1000210.0,529520.0,582470.0,372630.0,1780.0
QN08,2019,34265.0,180.0,175.0,24.0,0.007586614054907754,0.007469263611639484,0.0021626810442891588,QUEENS,168471.0,226.0,0.115,0.105,0.16399999999999998,61550.0,0.435,29.7,989730.0,543770.0,557090.0,154510.0,1790.0
QN08,2020,39183.0,142.0,138.0,10.0,0.00750538312212794,0.006563945377716218,0.0019293662416338996,QUEENS,163732.0,22.0,0.135,0.146,0.182,60914.0,0.47100000000000003,29.8,967410.0,516860.0,472320.0,368900.0,1990.0
QN08,2021,96446.0,163.0,162.0,13.0,0.008260819766793964,0.008249924621670632,0.0025592226747573987,QUEENS,163732.0,22.0,0.135,0.146,0.182,60914.0,0.47100000000000003,29.8,1001350.0,550240.0,490210.0,309360.0,1830.0
QN08,2022,39008.0,109.0,105.0,10.0,0.004248551494888065,0.0034473600761194493,0.0016111073285259702,QUEENS,148045.0,199.0,0.11800000000000001,0.133,0.19399999999999998,58118.0,0.491,29.2,975940.0,511330.0,513920.0,95170.0,1780.0
QN08,2023,35123.0,176.0,169.0,11.0,0.005551543719507194,0.005493971781410791,0.0014472855434221048,QUEENS,148045.0,199.0,0.11800000000000001,0.133,0.19399999999999998,58118.0,0.491,29.2,915000.0,497500.0,494000.0,45870.0,1780.0
QN08,2024,26308.0,545.0,534.0,71.0,0.005768529234608857,0.004989142984337767,0.0012782559042567624,QUEENS,148045.0,199.0,0.11800000000000001,0.133,0.19399999999999998,58118.0,0.491,29.2,915000.0,497500.0,494000.0,45870.0,1780.0
QN09,2018,11358.0,116.0,115.0,8.0,0.020501318227841982,0.020409675999102976,0.004492070181386037,QUEENS,139079.0,293.0,0.125,0.16,0.145,47505.0,0.465,33.7,682500.0,397140.0,523640.0,217300.0,1910.0
QN09,2019,8788.0,32.0,32.0,3.0,0.003776485728280345,0.003776485728280345,0.00017488873854593824,QUEENS,143756.0,303.0,0.10099999999999999,0.115,0.125,46788.0,0.48200000000000004,30.3,682970.0,419620.0,461880.0,188190.0,1900.0
QN09,2020,15056.0,73.0,73.0,17.0,0.012976217453678317,0.012976217453678317,0.006810456238664625,QUEENS,143841.0,303.0,0.14800000000000002,0.207,0.149,47285.0,0.498,32.9,682870.0,420820.0,557680.0,204770.0,1910.0
QN09,2021,16861.0,55.0,55.0,19.0,0.009302697509696072,0.009302697509696072,0.006902466352205608,QUEENS,143841.0,303.0,0.14800000000000002,0.207,0.149,47285.0,0.498,32.9,703370.0,444490.0,470930.0,189470.0,1920.0
QN09,2022,16780.0,40.0,39.0,16.0,0.007975942735090972,0.007950577475350714,0.0049813335448331345,QUEENS,136313.0,287.0,0.115,0.11199999999999999,0.156,47221.0,0.518,33.1,697690.0,425670.0,500430.0,174270.0,1830.0
QN09,2023,17251.0,52.0,46.0,6.0,0.004981739083441983,0.004790479195134599,0.0019557572319909245,QUEENS,136313.0,287.0,0.115,0.11199999999999999,0.156,47221.0,0.518,33.1,675000.0,395000.0,390200.0,156250.0,1830.0
QN09,2024,12090.0,24.0,20.0,1.0,0.002468944983608531,0.002323198309110103,2.9868578255675032e-05,QUEENS,136313.0,287.0,0.115,0.11199999999999999,0.156,47221.0,0.518,33.1,675000.0,395000.0,390200.0,156250.0,1830.0
QN10,2018,2665.0,39.0,31.0,7.0,0.020389397458518338,0.00804371844617266,0.0038171504838171505,QUEENS,128937.0,21.0,0.087,0.102,0.161,41576.0,0.6859999999999999,32.5,637780.0,379490.0,371840.0,160030.0,2010.0
QN10,2019,1572.0,14.0,13.0,1.0,0.006248020733663135,0.004581354066996468,0.00011627906976744185,QUEENS,118568.0,193.0,0.075,0.087,0.18100000000000002,40295.0,0.716,31.9,671400.0,405150.0,393580.0,126350.0,2000.0
QN10,2020,5135.0,29.0,24.0,9.0,0.010020642047264883,0.007032708153515241,0.005103791387888146,QUEENS,156106.0,254.0,0.106,0.111,0.16399999999999998,44251.0,0.695,37.7,694260.0,408300.0,412000.0,156490.0,1820.0
QN10,2021,7451.0,53.0,48.0,34.0,0.009889113810900095,0.007803463087874512,0.006152669632925473,QUEENS,156106.0,254.0,0.106,0.111,0.16399999999999998,44251.0,0.695,37.7,727050.0,447910.0,416400.0,209990.0,2040.0
QN10,2022,10998.0,18.0,17.0,4.0,0.0023625164167690393,0.002332687040799584,0.0017301038062283738,QUEENS,129072.0,21.0,0.091,0.073,0.16399999999999998,41958.0,0.684,33.0,712750.0,420480.0,407510.0,53240.0,1820.0
QN10,2023,10929.0,58.0,58.0,31.0,0.0058222119802858446,0.0058222119802858446,0.004545900834560628,QUEENS,129072.0,21.0,0.091,0.073,0.16399999999999998,41958.0,0.684,33.0,669000.0,421250.0,390000.0,131440.0,1820.0
QN10,2024,8297.0,4.0,4.0,0.0,0.00021972542149261836,0.00021972542149261836,0.0,QUEENS,129072.0,21.0,0.091,0.073,0.16399999999999998,41958.0,0.684,33.0,669000.0,421250.0,390000.0,131440.0,1820.0
QN11,2018,8781.0,8.0,8.0,0.0,0.0004681781445860578,0.0004681781445860578,0.0,QUEENS,115744.0,124.0,0.061,0.055,0.213,45398.0,0.675,32.0,1056690.0,664850.0,741330.0,270280.0,2290.0
QN11,2019,6828.0,9.0,9.0,0.0,0.0030420058014765357,0.0030420058014765357,0.0,QUEENS,114562.0,123.0,0.064,0.034,0.20600000000000002,45961.0,0.6890000000000001,28.4,1041820.0,636280.0,756350.0,324120.0,2180.0
QN11,2020,12383.0,24.0,24.0,0.0,0.0020581010565791018,0.0020581010565791018,0.0,QUEENS,121130.0,13.0,0.09300000000000001,0.11199999999999999,0.221,47626.0,0.71,40.0,995860.0,625970.0,664660.0,248960.0,2320.0
QN11,2021,11434.0,10.0,10.0,0.0,0.0003137463819601706,0.0003137463819601706,0.0,QUEENS,121130.0,13.0,0.09300000000000001,0.11199999999999999,0.221,47626.0,0.71,40.0,1045960.0,688490.0,655450.0,119880.0,2320.0
QN11,2022,13780.0,14.0,8.0,2.0,0.004987512566283942,0.00177723969308972,0.0016051364365971107,QUEENS,118293.0,127.0,0.084,0.067,0.223,46116.0,0.6920000000000001,25.9,1027850.0,622940.0,700810.0,276170.0,2310.0
QN11,2023,16612.0,6.0,6.0,2.0,0.0006306163578311284,0.0006306163578311284,0.0005162779397473275,QUEENS,118293.0,127.0,0.084,0.067,0.223,46116.0,0.6920000000000001,25.9,965000.0,623330.0,667500.0,264170.0,2310.0
QN11,2024,14178.0,7.0,7.0,1.0,0.00016264193207719458,0.00016264193207719458,5.4395126196692775e-06,QUEENS,118293.0,127.0,0.084,0.067,0.223,46116.0,0.6920000000000001,25.9,965000.0,623330.0,667500.0,264170.0,2310.0
QN12,2018,19946.0,195.0,194.0,8.0,0.02432271136647452,0.024292074111572564,0.0007045752450164214,QUEENS,241539.0,26.0,0.131,0.159,0.142,80667.0,0.501,32.8,553060.0,364780.0,358900.0,155490.0,1570.0
QN12,2019,7588.0,149.0,145.0,12.0,0.02263829269616491,0.016771485085171258,0.011855875336979987,QUEENS,241275.0,259.0,0.106,0.132,0.151,80826.0,0.505,30.2,579450.0,384900.0,337440.0,154340.0,1550.0
QN12,2020,25224.0,264.0,232.0,28.0,0.016151864881325636,0.012948196281590633,0.007921553185190106,QUEENS,270688.0,291.0,0.152,0.179,0.146,82291.0,0.518,37.4,608900.0,386960.0,369300.0,143670.0,1680.0
QN12,2021,25329.0,145.0,135.0,22.0,0.015198967056321847,0.011574527271773516,0.008694732261557227,QUEENS,270688.0,291.0,0.152,0.179,0.146,82291.0,0.518,37.4,660950.0,438980.0,377850.0,132540.0,1650.0
QN12,2022,34563.0,193.0,188.0,46.0,0.014631248577653097,0.013258235156446904,0.0114899768688987,QUEENS,248158.0,267.0,0.134,0.18,0.159,86917.0,0.493,32.6,643700.0,397120.0,321850.0,218030.0,1530.0
QN12,2023,29709.0,173.0,166.0,41.0,0.008359420585454616,0.007190358981370986,0.004282984429855617,QUEENS,248158.0,267.0,0.134,0.18,0.159,86917.0,0.493,32.6,605.0,390760.0,405000.0,216430.0,1530.0
QN12,2024,17485.0,103.0,87.0,18.0,0.007253310964133347,0.004714883273575839,0.00039160587633929876,QUEENS,248158.0,267.0,0.134,0.18,0.159,86917.0,0.493,32.6,605.0,390760.0,405000.0,216430.0,1530.0
QN13,2018,8222.0,55.0,55.0,4.0,0.03854124138590332,0.03854124138590332,0.021047619047619048,QUEENS,187761.0,95.0,0.071,0.06,0.18899999999999997,61469.0,0.762,28.8,617780.0,369190.0,447150.0,75240.0,1880.0
QN13,2019,4230.0,55.0,55.0,0.0,0.031204567126278136,0.031204567126278136,0.0,QUEENS,200660.0,102.0,0.055,0.045,0.19,65210.0,0.728,31.4,654030.0,399370.0,457250.0,75240.0,2020.0
QN13,2020,8558.0,72.0,72.0,3.0,0.02671543233093018,0.02671543233093018,0.007393341952165481,QUEENS,206394.0,105.0,0.083,0.105,0.196,67208.0,0.7240000000000001,31.1,660110.0,412570.0,472400.0,224210.0,1890.0
QN13,2021,12665.0,42.0,41.0,3.0,0.00401378832934159,0.004011636125484841,9.65890170435625e-05,QUEENS,206394.0,105.0,0.083,0.105,0.196,67208.0,0.7240000000000001,31.1,716030.0,450270.0,472400.0,190690.0,1920.0
QN13,2022,10846.0,30.0,30.0,1.0,0.0024235751522835676,0.0024235751522835676,3.270538984824699e-05,QUEENS,193823.0,98.0,0.087,0.11699999999999999,0.228,67050.0,0.725,32.7,685230.0,415290.0,472400.0,284220.0,1810.0
QN13,2023,9687.0,39.0,38.0,5.0,0.010127143091062225,0.008354093445672154,0.005421440261865793,QUEENS,193823.0,98.0,0.087,0.11699999999999999,0.228,67050.0,0.725,32.7,655000.0,387500.0,403730.0,97320.0,1810.0
QN13,2024,7329.0,23.0,23.0,1.0,0.0018091861159797188,0.0018091861159797188,0.00013171759747102215,QUEENS,193823.0,98.0,0.087,0.11699999999999999,0.228,67050.0,0.725,32.7,655000.0,387500.0,403730.0,97320.0,1810.0
QN14,2018,10625.0,192.0,183.0,10.0,0.010745681550395042,0.010216313257868854,0.0004110809893575992,QUEENS,127676.0,113.0,0.16399999999999998,0.222,0.139,46463.0,0.382,27.6,497750.0,297120.0,403030.0,68150.0,1450.0
QN14,2019,10134.0,134.0,129.0,22.0,0.033180689633549296,0.02966294099267945,0.027182603133994242,QUEENS,121740.0,108.0,0.18100000000000002,0.23199999999999998,0.179,44696.0,0.366,33.6,625090.0,347720.0,405150.0,113250.0,1430.0
QN14,2020,31744.0,289.0,276.0,39.0,0.006878173309533728,0.005101387023279871,0.0004362615269938111,QUEENS,134700.0,119.0,0.23800000000000002,0.271,0.17800000000000002,49734.0,0.354,35.8,682870.0,380700.0,465210.0,145590.0,1430.0
QN14,2021,45419.0,282.0,274.0,19.0,0.009905207651294297,0.007680554113730476,0.0015495422727974492,QUEENS,134700.0,119.0,0.23800000000000002,0.271,0.17800000000000002,49734.0,0.354,35.8,629010.0,372890.0,528210.0,61370.0,1500.0
QN14,2022,35764.0,205.0,174.0,24.0,0.009089094433406896,0.008829007741049114,0.006089711053671819,QUEENS,126629.0,112.0,0.17600000000000002,0.17600000000000002,0.18,50891.0,0.414,31.4,726240.0,371170.0,571030.0,113030.0,1410.0
QN14,2023,47706.0,223.0,222.0,19.0,0.008204384836949281,0.008197419205375466,0.005027216095976968,QUEENS,126629.0,112.0,0.17600000000000002,0.17600000000000002,0.18,50891.0,0.414,31.4,650000.0,336670.0,517330.0,83330.0,1410.0
QN14,2024,16833.0,236.0,235.0,3.0,0.0031955721327369823,0.003173768539504818,0.0001367059711257886,QUEENS,126629.0,112.0,0.17600000000000002,0.17600000000000002,0.18,50891.0,0.414,31.4,650000.0,336670.0,517330.0,83330.0,1410.0
QN81,2018,27.0,0.0,0.0,0.0,0.0,0.0,0.0,QUEENS,0.0,0.0,0.0,0.0,0.0,0.0,0.0,0.0,0.0,0.0,0.0,0.0,0.0
QN81,2019,27.0,0.0,0.0,0.0,0.0,0.0,0.0,QUEENS,0.0,0.0,0.0,0.0,0.0,0.0,0.0,0.0,0.0,0.0,0.0,0.0,0.0
QN81,2020,27.0,0.0,0.0,0.0,0.0,0.0,0.0,QUEENS,0.0,0.0,0.0,0.0,0.0,0.0,0.0,0.0,0.0,0.0,0.0,0.0,0.0
QN81,2021,31.0,0.0,0.0,0.0,0.0,0.0,0.0,QUEENS,0.0,0.0,0.0,0.0,0.0,0.0,0.0,0.0,0.0,0.0,0.0,0.0,0.0
QN81,2022,44.0,0.0,0.0,0.0,0.0,0.0,0.0,QUEENS,0.0,0.0,0.0,0.0,0.0,0.0,0.0,0.0,0.0,0.0,0.0,0.0,0.0
QN81,2023,28.0,0.0,0.0,0.0,0.0,0.0,0.0,QUEENS,0.0,0.0,0.0,0.0,0.0,0.0,0.0,0.0,0.0,0.0,0.0,0.0,0.0
QN81,2024,12.0,0.0,0.0,0.0,0.0,0.0,0.0,QUEENS,0.0,0.0,0.0,0.0,0.0,0.0,0.0,0.0,0.0,0.0,0.0,0.0,0.0
SI01,2018,6303.0,124.0,123.0,31.0,0.013554319488262098,0.013324540076497393,0.002144771484219062,STATEN ISLAND,174606.0,128.0,0.17,0.19699999999999998,0.138,68647.0,0.55,32.3,531290.0,305950.0,370670.0,192610.0,1460.0
SI01,2019,7423.0,69.0,69.0,8.0,0.011621901213209334,0.011621901213209334,0.004071248833928662,STATEN ISLAND,176195.0,129.0,0.13,0.19699999999999998,0.142,71357.0,0.513,31.5,568370.0,318340.0,370430.0,154340.0,1400.0
SI01,2020,13590.0,86.0,83.0,15.0,0.005626150645249338,0.005133223507585358,0.0019061698591253653,STATEN ISLAND,185150.0,136.0,0.16699999999999998,0.22399999999999998,0.138,69433.0,0.584,35.8,580440.0,318690.0,392650.0,167110.0,1630.0
SI01,2021,12087.0,66.0,66.0,1.0,0.003074271501649209,0.003074271501649209,4.5662100456621006e-05,STATEN ISLAND,185150.0,136.0,0.16699999999999998,0.22399999999999998,0.138,69433.0,0.584,35.8,595680.0,341490.0,390400.0,171360.0,1550.0
SI01,2022,13370.0,45.0,45.0,4.0,0.0011389216895335325,0.0011389216895335325,0.0003474895961614909,STATEN ISLAND,184556.0,135.0,0.15,0.205,0.145,71018.0,0.562,33.5,590750.0,316660.0,371690.0,205570.0,1690.0
SI01,2023,14754.0,51.0,39.0,0.0,0.004038934131780433,0.0017938226595396233,0.0,STATEN ISLAND,184556.0,135.0,0.15,0.205,0.145,71018.0,0.562,33.5,560000.0,320000.0,382000.0,156670.0,1690.0
SI01,2024,10773.0,22.0,20.0,5.0,0.0006467571631320131,0.0006130309190551847,7.698712557688042e-05,STATEN ISLAND,184556.0,135.0,0.15,0.205,0.145,71018.0,0.562,33.5,560000.0,320000.0,382000.0,156670.0,1690.0
SI02,2018,1860.0,23.0,23.0,4.0,0.0017990307204646474,0.0017990307204646474,0.0004915816640039326,STATEN ISLAND,137973.0,59.0,0.09300000000000001,0.129,0.16899999999999998,50234.0,0.715,28.5,670730.0,423620.0,389490.0,253970.0,1520.0
SI02,2019,1552.0,17.0,17.0,0.0,0.006345422528822311,0.006345422528822311,0.0,STATEN ISLAND,138590.0,59.0,0.07200000000000001,0.102,0.18899999999999997,50727.0,0.7040000000000001,30.4,665610.0,435110.0,399370.0,96010.0,1590.0
SI02,2020,5184.0,48.0,48.0,11.0,0.0025611405864573063,0.0025611405864573063,0.0006171695465046987,STATEN ISLAND,138438.0,59.0,0.11599999999999999,0.157,0.207,50760.0,0.713,35.0,671490.0,426800.0,429610.0,96010.0,1580.0
SI02,2021,5009.0,15.0,15.0,1.0,0.0023252499274509135,0.0023252499274509135,0.000249003984063745,STATEN ISLAND,138438.0,59.0,0.11599999999999999,0.157,0.207,50760.0,0.713,35.0,689600.0,440640.0,424110.0,221790.0,1710.0
SI02,2022,5410.0,20.0,13.0,0.0,0.004384222994777915,0.0006478099512996538,0.0,STATEN ISLAND,145506.0,62.0,0.096,0.126,0.196,53652.0,0.722,30.0,704840.0,441250.0,425670.0,245710.0,1670.0
SI02,2023,5237.0,32.0,26.0,2.0,0.004911329507411069,0.004790078193855172,0.0002664535038635758,STATEN ISLAND,145506.0,62.0,0.096,0.126,0.196,53652.0,0.722,30.0,670000.0,429000.0,405000.0,203330.0,1670.0
SI02,2024,2730.0,5.0,4.0,1.0,0.0008573662419816266,0.0007751834674911598,8.21827744904668e-05,STATEN ISLAND,145506.0,62.0,0.096,0.126,0.196,53652.0,0.722,30.0,670000.0,429000.0,405000.0,203330.0,1670.0
SI03,2018,1152.0,25.0,25.0,0.0,0.009027921398960385,0.009027921398960385,0.0,STATEN ISLAND,163600.0,8.0,0.07400000000000001,0.09,0.18100000000000002,62305.0,0.821,27.1,641310.0,449800.0,415680.0,126250.0,1640.0
SI03,2019,1207.0,12.0,12.0,0.0,0.003060165866363479,0.003060165866363479,0.0,STATEN ISLAND,161358.0,79.0,0.040999999999999995,0.064,0.174,59681.0,0.78,24.2,642460.0,451460.0,427150.0,126250.0,1620.0
SI03,2020,2106.0,8.0,8.0,0.0,0.0009247757073844031,0.0009247757073844031,0.0,STATEN ISLAND,169906.0,83.0,0.06,0.068,0.17300000000000001,63961.0,0.804,28.6,643040.0,460940.0,443870.0,240760.0,1750.0
SI03,2021,2123.0,0.0,0.0,0.0,0.0,0.0,0.0,STATEN ISLAND,169906.0,83.0,0.06,0.068,0.17300000000000001,63961.0,0.804,28.6,671970.0,468180.0,435130.0,183140.0,1540.0
SI03,2022,2286.0,8.0,8.0,0.0,0.0005456800330715172,0.0005456800330715172,0.0,STATEN ISLAND,161071.0,79.0,0.078,0.087,0.18600000000000003,59827.0,0.8009999999999999,38.6,676930.0,472400.0,454230.0,207210.0,1880.0
SI03,2023,2101.0,15.0,15.0,1.0,0.0009424378970225226,0.0009424378970225226,6.299212598425197e-05,STATEN ISLAND,161071.0,79.0,0.078,0.087,0.18600000000000003,59827.0,0.8009999999999999,38.6,655000.0,457500.0,430000.0,149000.0,1880.0
SI03,2024,1677.0,4.0,4.0,0.0,0.0005182931991880243,0.0005182931991880243,0.0,STATEN ISLAND,161071.0,79.0,0.078,0.087,0.18600000000000003,59827.0,0.8009999999999999,38.6,655000.0,457500.0,430000.0,149000.0,1880.0
